movie_id,genre
2059336,Thriller
2059336,Horror
2059875,Comedy
2058736,Drama
2058736,History
2068611,Drama
2068366,Comedy
2067574,Action
2067574,Crime
2067574,Thriller
2067013,Drama
2067013,War
2066560,Comedy
2065401,Romance
2065401,Comedy
2065004,Drama
2064814,Horror
2061752,Comedy
2061350,Fantasy
2061350,Comedy
2060752,Mystery
2060630,Comedy
2060584,Thriller
2060584,Horror
2060069,Drama
2059298,Action
2059298,Thriller
2058957,Comedy
2058234,Comedy
2058180,Drama
2058180,Action
2055450,Comedy
2055208,Thriller
2054540,Fantasy
2054540,Science Fiction
2054540,Action
2052179,Comedy
2052179,Thriller
2049137,Action
2049137,Thriller
2049137,Crime
2046868,History
2046868,Drama
2067115,Horror
2066792,Short
2066792,Drama
2066608,Horror
2066608,Thriller
2066402,Romance
2066402,Drama
2065948,Horror
2065769,Comedy
2065277,Comedy
2065192,Drama
2064980,Comedy
2064930,Thriller
2064930,Horror
2064930,Mystery
2064893,Drama
2064839,Comedy
2064695,Drama
2061726,Thriller
2061637,Thriller
2061519,Fantasy
2061519,Comedy
2061237,Drama
2061237,Horror
2061204,Drama
2060143,Comedy
2060143,Drama
2059698,Thriller
2059355,Drama
2058816,Thriller
2058423,Animation
2058423,History
2058233,Drama
2058218,Comedy
2056313,Drama
2053987,Drama
2053759,Thriller
2053759,Drama
2053759,Crime
2053246,Drama
2052844,Comedy
2052844,Action
2052844,Adventure
2052679,Drama
2052679,Thriller
2050042,Drama
2049699,Drama
2047941,Comedy
2007909,Romance
2039433,Action
2041229,Thriller
2064877,Short
2064877,Comedy
2064408,Drama
2060329,Drama
2060240,Short
2060227,Short
2060188,Short
2060176,Documentary
2059822,Drama
2059822,Short
2059808,Short
2059750,Comedy
2059750,Drama
2059288,Thriller
2059248,Documentary
2059124,Drama
2059095,Drama
2058370,Comedy
2057952,Thriller
2057823,Comedy
2057459,Documentary
2057363,Horror
2057363,Drama
2057363,Thriller
2057246,Drama
2057246,Thriller
2057214,Thriller
2057214,Mystery
2056773,Comedy
2056692,Drama
2056692,Biography
2056692,Documentary
2056323,Short
2056281,Drama
2056267,Comedy
2055932,Fantasy
2055843,Comedy
2055843,Short
2055503,Comedy
2055129,Thriller
2055115,Action
2055115,Comedy
2055064,Thriller
2054548,Action
2054548,Comedy
2054468,Crime
2054468,Horror
2054468,Thriller
2054216,Romance
2054216,Comedy
2054123,Drama
2054123,Romance
2054027,Action
2052720,Action
2052720,Comedy
2052708,Thriller
2052708,Action
2052495,Drama
2052471,Drama
2052471,Action
2052323,Romance
2052323,Drama
2052323,Comedy
2052322,Thriller
2051732,Drama
2051732,War
2051193,Romance
2051193,Adventure
2051193,Drama
2051193,Comedy
2051055,Comedy
2050653,Romance
2050653,Drama
2050591,Comedy
2050062,Comedy
2050051,Drama
2049915,Thriller
2049915,Horror
2049077,Comedy
2048727,History
2048727,Drama
2047740,Action
2047740,Thriller
2046552,Horror
2046552,Mystery
2046552,Horror
2042417,Comedy
2018733,Comedy
2068394,Short
2057080,Documentary
2057077,Documentary
2057069,Documentary
2056566,Documentary
2054916,Short
2054916,Drama
2054886,Science Fiction
2054886,Drama
2054886,Short
2054795,Thriller
2054795,Drama
2054788,Biography
2054788,Documentary
2053667,Documentary
2053667,Animation
2053666,Documentary
2053666,Drama
2053663,Documentary
2053153,Drama
2052991,Drama
2051923,Comedy
2051898,Comedy
2051855,Documentary
2051855,Short
2051735,Comedy
2051677,Documentary
2051546,Comedy
2051546,Romance
2051400,Comedy
2051227,Short
2051096,Drama
2051037,Thriller
2051037,Comedy
2051036,Comedy
2051035,Comedy
2050815,Comedy
2050756,Drama
2050756,Adventure
2050637,Comedy
2050502,Comedy
2050421,Thriller
2050323,Family
2050323,Comedy
2050172,Drama
2050172,Comedy
2050036,Comedy
2049932,Adventure
2049932,Comedy
2049932,Drama
2049762,Drama
2049762,Thriller
2049624,Drama
2049624,Comedy
2049532,Comedy
2049146,Comedy
2049108,Drama
2048780,Drama
2048650,Action
2048650,Thriller
2048615,Comedy
2048167,Crime
2048167,Drama
2048167,Thriller
2048148,Drama
2048098,Comedy
2048098,Drama
2047938,Drama
2047938,Thriller
2047854,Comedy
2047852,Crime
2047852,Action
2047852,Thriller
2047725,Drama
2047456,Comedy
2046473,Comedy
2045976,Comedy
2044228,Drama
2044189,Drama
2044028,Comedy
2033904,Comedy
2022171,Thriller
2022171,Crime
2042201,Comedy
2043126,Thriller
2043126,Drama
2033904,Comedy
2022171,Thriller
2022171,Crime
2043126,Thriller
2043126,Drama
2022161,Romance
2033904,Comedy
2043126,Thriller
2043126,Drama
2055531,Short
2051591,Documentary
2049802,Drama
2049586,Short
2049585,Short
2049581,Short
2048944,Romance
2048944,Biography
2048944,Drama
2048887,Drama
2048605,Documentary
2048573,Drama
2048573,Short
2048016,Drama
2047945,Comedy
2047883,Comedy
2047774,Drama
2047624,Thriller
2047604,Thriller
2047604,Crime
2047084,Drama
2046940,Short
2046934,Drama
2046934,Action
2046742,Comedy
2046742,Horror
2046595,Comedy
2046590,Comedy
2046547,Comedy
2046519,Comedy
2046518,Action
2046518,Thriller
2046449,Comedy
2046367,Short
2046365,Short
2045753,Comedy
2045674,Thriller
2045674,Comedy
2045603,Romance
2045603,Comedy
2045601,Comedy
2045418,Drama
2045048,Drama
2045048,Comedy
2045043,Comedy
2045006,Drama
2045006,Romance
2044362,Drama
2044362,Thriller
2044362,Mystery
2044358,Action
2044358,Drama
2044358,Thriller
2044266,Romance
2044266,Comedy
2040112,Comedy
2040112,Thriller
2042884,Thriller
2041091,Drama
2041706,Comedy
2034435,Musical
2034435,Romance
2034435,Drama
2024755,Thriller
2024755,Drama
2024755,Action
1010351,Fantasy
1010351,Adventure
1010351,Comedy
2042743,Comedy
2041312,Drama
2041312,Action
2026156,Comedy
2030327,Comedy
1010351,Fantasy
1010351,Adventure
1010351,Comedy
2042743,Comedy
2041312,Drama
2041312,Action
2041204,Action
2041204,Thriller
2041204,Crime
1479180,Comedy
2026156,Comedy
2034424,Comedy
2025897,Drama
2042743,Comedy
2019219,Drama
2064879,Short
2056981,Science Fiction
2056981,Fantasy
2056981,Adventure
2056981,Action
2051610,Documentary
2049218,Comedy
2046899,Documentary
2046702,Short
2046700,Short
2046071,Action
2046071,Horror
2045632,Animation
2045632,Short
2045556,Documentary
2045556,Biography
2045538,Drama
2045538,Crime
2045277,Documentary
2045275,Documentary
2044666,Comedy
2044666,Short
2044411,Comedy
2044411,Family
2044097,Comedy
2044027,Comedy
2043957,Comedy
2043953,Drama
2043853,Comedy
2043798,Musical
2043798,Comedy
2043491,Drama
2043342,Drama
2037625,Comedy
2043167,Drama
2042309,Comedy
2040051,Comedy
2040051,Adventure
2042974,Comedy
2041322,Drama
2040518,Comedy
2041432,Comedy
2040399,Romance
2040399,Drama
2042090,Drama
2042090,Comedy
2040159,Comedy
2040159,Thriller
2030359,Mystery
2030359,Horror
2042446,Romance
2042446,Action
2040814,Crime
2040814,Drama
2040814,Romance
2041273,Drama
2041273,Thriller
2041273,Crime
2041620,Comedy
1569471,Drama
2039611,Thriller
2039611,Crime
2041988,Drama
2041988,Mystery
2040734,Drama
2040734,Romance
2040734,Comedy
2012454,War
2012454,Drama
2028512,Drama
2041500,Action
2041500,Thriller
2037684,Comedy
2040189,Thriller
2040189,Action
2033032,Thriller
2033032,Drama
2037860,Drama
2036554,Comedy
2033058,Short
2042558,Comedy
2040032,Drama
2042523,Comedy
1724389,Drama
2042558,Comedy
2033058,Short
2056984,Family
2056984,Comedy
2056984,Adventure
2056984,Action
2056984,Animation
2051804,Documentary
2046596,Documentary
2034286,Drama
2041442,Documentary
2042435,Biography
2042435,Documentary
2041968,Comedy
2041761,Drama
2041445,History
2041445,Documentary
2041419,Drama
2027319,Drama
2040092,Drama
2040092,Romance
2037433,Drama
2037433,Thriller
2037433,Action
2037433,Romance
2041105,Drama
2041004,Drama
2037742,Documentary
2037742,History
2037742,War
2037742,Drama
2040327,Comedy
2040327,Adventure
2040327,Action
2035453,Comedy
2027650,Romance
2027650,Sport
2027650,Drama
2039425,Comedy
2039425,Romance
2036604,Thriller
2036604,Drama
2036535,Comedy
1609015,Drama
2030800,Drama
2030800,Romance
2033526,Romance
2033526,Comedy
2033526,Family
2035757,Drama
2035757,Thriller
2035757,Action
2039299,Comedy
2027294,Action
2027294,Crime
2027294,Drama
2036620,Comedy
2036620,Fantasy
2030431,Thriller
2030431,Comedy
2037288,Drama
2037288,Thriller
2037288,Mystery
2037288,Horror
2037288,Horror
2036938,Short
2036881,Thriller
2036881,Action
2034299,Drama
2030475,Thriller
2030475,Mystery
2030475,Crime
2036270,Comedy
2036270,Drama
2035332,Comedy
2035332,Romance
2030297,Comedy
2030297,Fantasy
2035123,Drama
2036064,Drama
2036064,Thriller
2034735,Romance
2034735,Comedy
2034735,Action
2035103,Comedy
2035103,Sport
2035825,Drama
2035825,History
1077548,Drama
1010347,Romance
1010347,Drama
1010347,Thriller
2032248,Drama
2032248,Thriller
2034384,Comedy
2034041,Drama
2034041,Action
2034041,Crime
2034041,Thriller
2032817,Drama
2032817,Comedy
2032873,Drama
2032873,Romance
2032873,Comedy
2030742,Drama
2030742,Action
2032499,Comedy
2032499,Musical
2032459,Drama
2011518,Drama
2011518,Sport
2033958,Comedy
2033958,Drama
2046701,Documentary
2046368,Short
2036338,Documentary
2034447,Comedy
2025830,Comedy
2034236,Drama
2040848,Documentary
2036545,Short
1011138,Drama
1011138,Thriller
2037031,Horror
2036512,Short
2035228,Short
2036522,Documentary
2036402,Drama
2036402,Short
2036398,Adventure
2036398,Short
2036398,Drama
2036400,Drama
2036400,Short
2027320,Drama
2027320,Mystery
2034825,Horror
2034829,Documentary
2034029,Thriller
2034029,Horror
2032926,Comedy
2005930,Drama
2027711,Thriller
2027711,Drama
2033777,Crime
2033777,Mystery
2033386,Comedy
2029989,Drama
2032773,History
2032773,War
2033593,Short
2033593,Documentary
1341537,Comedy
1341537,Drama
1341537,Action
2033574,Drama
2020240,Crime
2020240,Drama
2020240,Thriller
2020240,Action
2028402,Thriller
2031108,Comedy
2029813,Romance
2029813,Comedy
2033156,Thriller
2033156,Action
2030601,Musical
2030601,Drama
2030601,Comedy
2033060,Documentary
2019662,Mystery
2019662,Drama
2019662,Thriller
2019662,Crime
2029160,Comedy
2029814,Comedy
2025865,Comedy
2019799,Comedy
2019799,Adventure
2019799,Fantasy
2029798,Drama
2030999,Short
2030999,Drama
2030999,Science Fiction
2030377,Drama
2030377,Short
2030377,Comedy
2026233,Comedy
2030243,Comedy
2022405,Comedy
2029993,Horror
2029993,Comedy
2029347,Comedy
2026456,Drama
2029041,Drama
2021758,Comedy
2026145,Comedy
2026145,Drama
2025632,Drama
2018918,Drama
2027144,Comedy
2027144,Drama
2018285,Drama
2018285,Comedy
2027056,Comedy
2022240,Comedy
2010133,Drama
2039389,Religious
2039389,Biography
2020195,Religious
2039389,Religious
2039389,Biography
2033320,Drama
2033320,Musical
2033320,Drama
2033320,Musical
2034942,Thriller
2034942,Crime
2034942,Drama
2020195,Religious
2033320,Drama
2033320,Musical
2057079,Documentary
2040384,Documentary
2040384,Short
2040384,Drama
2033652,Documentary
2033652,Musical
1521400,Action
1521400,Drama
2036528,Documentary
2036528,Animation
2035981,Biography
2035981,Documentary
2025594,Drama
2025594,Comedy
2025594,Documentary
2034135,Documentary
2019611,Drama
2021917,Drama
2021917,Mystery
2021917,Thriller
2027425,Drama
2027425,Family
2025529,Documentary
2025529,Drama
2025529,History
2021036,Drama
2026451,Drama
2025730,Comedy
2025730,Drama
2018829,Action
2018829,Comedy
2018829,Romance
2020668,Short
2018950,Drama
2021511,Drama
2021511,Action
2012045,Comedy
2021414,Comedy
2021414,Romance
2021414,Fantasy
2025534,Comedy
2025534,Musical
2018480,Drama
2010388,Drama
2010388,Documentary
2024960,Mystery
2005518,Thriller
2007223,Comedy
2020280,Drama
2018931,Romance
2018931,Comedy
2016632,Thriller
2016632,Crime
2016632,Comedy
1294243,Drama
1294243,Comedy
2020082,Comedy
2017531,Comedy
2019606,Comedy
2018696,Comedy
2005249,Drama
2007825,Comedy
2018689,Drama
2018689,Comedy
2036839,Drama
2020930,Drama
2067392,Documentary
2067392,Drama
2045085,Religious
1263843,Short
1263843,Drama
2037198,Documentary
2019901,Short
2003922,Thriller
2003922,Drama
2018955,Drama
1416070,Comedy
1416070,Romance
1416070,Drama
1416070,Family
1644198,Thriller
1644198,Crime
1644198,Drama
2004777,Documentary
2018834,Documentary
2018834,Drama
1390468,Drama
2020682,Comedy
1275307,Drama
2017768,Drama
1178712,Crime
1178712,Drama
2012422,Drama
2016635,Crime
2016635,Thriller
2016635,Drama
1334680,Adventure
1334680,Thriller
1334680,Crime
1334680,Action
2018084,Comedy
2018084,Drama
2018558,Comedy
2018558,Drama
2018558,Family
1210825,Thriller
1210825,Crime
2017313,Comedy
2017313,Family
2018290,Thriller
2005960,Drama
2008910,Romance
2008910,Comedy
1064773,Drama
1064773,Comedy
2012060,Documentary
2009856,Comedy
2009856,Drama
2008377,Drama
2008377,Thriller
2017059,Documentary
2017059,Short
2006532,Drama
2006532,Comedy
2006532,Romance
2012371,Documentary
2012371,Short
2006333,Comedy
2006333,Drama
2006333,Romance
2006903,Drama
2006903,Thriller
2006903,Comedy
2006874,Crime
2006874,Drama
2006874,Thriller
2008130,Thriller
2008130,Drama
2008130,Action
2010446,Drama
2010446,Comedy
2011165,Romance
2011165,Comedy
2008207,Comedy
2008207,Drama
1173494,Comedy
1173494,Fantasy
2009289,Drama
1411403,Drama
1411403,Romance
1411403,Comedy
2009268,Documentary
2005087,Thriller
2005087,Drama
1373354,Thriller
1373354,Romance
1476116,Drama
1476116,Thriller
1476116,Crime
2011359,Action
2011359,Drama
2011359,Thriller
2011359,Mystery
2011359,Crime
1799229,Thriller
1799229,Drama
1799229,Crime
2010476,Short
2010476,Drama
2018826,Drama
2018826,Documentary
2012377,Short
2012377,Documentary
2010553,Comedy
2010553,Drama
1799229,Thriller
1799229,Drama
1799229,Crime
2009027,Drama
2009027,Documentary
2011664,Drama
2011359,Action
2011359,Drama
2011359,Thriller
2011359,Mystery
2011359,Crime
2010407,Drama
2011359,Action
2011359,Drama
2011359,Thriller
2011359,Mystery
2011359,Crime
2008578,Documentary
2008578,Family
2008578,Biography
2011068,Horror
2011068,Drama
1849452,Drama
1453872,Documentary
2008275,Documentary
1069375,Biography
1069375,Musical
1069375,Drama
2005450,Drama
2005450,Comedy
2006732,Comedy
2006732,Fantasy
2012325,Comedy
2012325,Documentary
2011520,Documentary
2008574,Documentary
1198595,Crime
1198595,Drama
1198595,Thriller
2008157,Drama
2008157,Musical
2009824,Thriller
2009824,Short
2009824,Drama
2009821,Short
2009611,Short
2009606,Drama
2009606,Short
2009616,Short
2009260,Short
2009241,Short
2009222,Short
2009227,Short
1053377,Drama
2003869,Short
2003869,Drama
2005931,Documentary
2004879,Short
1242904,Family
1242904,Comedy
1242904,Romance
1242904,Drama
1166163,Comedy
2006601,Comedy
2006601,Drama
1033398,Drama
1840913,Comedy
1840913,Drama
1090254,Comedy
1090254,Romance
1056748,Comedy
2005521,Drama
2005521,Comedy
1399339,Romance
1079361,Short
1079361,Drama
1537236,Romance
1537236,Comedy
1279210,Drama
1279210,Thriller
1810634,Drama
1810634,Comedy
2003980,Comedy
2003980,Drama
1445314,Comedy
1445314,Drama
1205892,Comedy
1205892,Drama
1068941,Romance
1068941,Comedy
1289005,Drama
1098370,Comedy
1098370,Drama
1098370,Action
1899554,Comedy
1899554,Drama
1522922,Drama
1522922,Comedy
1716943,War
1140013,Musical
1140013,Drama
2012376,Documentary
2012376,Short
2009868,Short
2009238,Short
2009614,Short
2011099,Documentary
2011099,Musical
2008633,Drama
2008633,Short
2018611,Biography
2018611,Documentary
2012331,Documentary
1966926,Short
2008633,Drama
2008633,Short
2009837,Drama
2009837,Short
2005011,Drama
2009837,Drama
2009837,Short
2012376,Documentary
2012376,Short
1127441,Crime
1127441,Drama
2009818,Short
2060948,Thriller
2054806,Drama
1115311,Drama
1568357,Romance
1568357,Adventure
1568357,Drama
2008726,Documentary
2009223,Short
2003858,Short
2011731,Romance
2011731,Short
1899917,Drama
2010516,Short
2010516,Drama
2009869,Drama
2009869,Short
2004488,Short
2008093,Short
2008093,Documentary
1231018,Adventure
1231018,Thriller
2003859,Drama
1233838,Thriller
1233838,Drama
1528600,Drama
1411307,Family
1411307,Thriller
1411307,Comedy
1411307,Drama
1783907,Drama
1610187,Musical
1610187,Comedy
1610187,Drama
1684488,Drama
1684488,Comedy
1132874,Thriller
1132874,Drama
1872179,Comedy
1872179,Drama
1787619,Drama
1787619,Crime
1293121,Comedy
1131274,Comedy
1131274,Drama
1839005,Drama
1839005,Comedy
1732116,Comedy
1732116,Fantasy
1540841,Comedy
1540841,Action
1642979,Musical
1642979,Comedy
1211178,Drama
1354428,Drama
1354428,Comedy
1313173,Comedy
1313173,Drama
1010034,Adventure
1010034,Thriller
1010034,Drama
1992899,Romance
1992899,Drama
1681255,Adventure
1681255,Drama
1681255,Comedy
1010066,Drama
1010066,Drama
1010349,Drama
1011581,Drama
1167245,Drama
1167245,Adventure
1760185,Drama
1760185,Romance
1442517,Drama
1442517,Romance
1827195,Drama
1083131,Drama
1083131,Comedy
1010039,Drama
1533750,Romance
1533750,Drama
2020191,Drama
2020191,Thriller
2020191,Drama
2020191,Thriller
1030292,Drama
2068702,Documentary
2051789,Documentary
1327200,Comedy
1327200,Romance
1327200,Musical
1011578,Drama
1011603,Crime
1011603,Thriller
1011603,Drama
1168250,Drama
1011064,Crime
1011064,Drama
1011064,Thriller
1576815,Documentary
1010348,Drama
1010348,Comedy
1010339,Drama
1010339,Crime
1010339,Thriller
1011347,Thriller
1011347,Crime
1011347,Drama
1011609,Comedy
1011084,Crime
1011084,Thriller
1011084,Adventure
2003903,Short
2003903,Drama
1011620,Comedy
2008208,Drama
2008208,Documentary
1010518,Drama
1010518,Comedy
1042809,Drama
1042809,Romance
1011612,Comedy
1011612,Drama
1011612,Thriller
1011612,Crime
1848713,Drama
1848713,Adventure
1848713,Comedy
1011610,Drama
1011345,Drama
1224895,Drama
1455204,Comedy
1455204,Drama
1601492,Thriller
1601492,Drama
1601492,Adventure
1150616,Comedy
1010357,Drama
1208217,Comedy
1208217,Fantasy
1208217,Adventure
1636619,Drama
1574511,Thriller
1574511,Comedy
1574511,Drama
1798984,Romance
1798984,Comedy
1798984,Fantasy
1011627,Comedy
1011627,Drama
1011627,Fantasy
1449336,Thriller
1449336,Crime
1449336,Drama
1011625,Drama
1011625,Thriller
1964244,Comedy
1006348,Drama
1006348,Romance
1010314,Drama
1010314,Romance
1010314,Crime
1011576,Drama
1011393,Thriller
1011393,Drama
1011602,Romance
1011602,Drama
2009607,Drama
2009607,Short
2018947,Comedy
2018947,Drama
1010071,Drama
1232950,Comedy
1232950,Drama
1010055,Thriller
1010055,Drama
1011000,Comedy
1011000,Family
1011000,Thriller
1010202,Thriller
1010202,Romance
1010202,Drama
1010202,Comedy
1010077,Drama
1010600,Comedy
1005263,Comedy
1005263,Drama
1011173,Drama
1011173,Fantasy
1011334,Horror
1011334,Crime
1010062,Drama
1010062,Romance
1010062,Adventure
1010280,Comedy
1007770,Drama
1007770,Action
1010953,Thriller
1010953,Adventure
1010953,Comedy
1010162,Romance
1010162,Drama
1009236,Thriller
1009236,Crime
1009236,Drama
1238807,Romance
1238807,Sport
1238807,Drama
1326084,Drama
1309292,Comedy
1309292,Drama
1010816,Musical
1010816,Family
1010816,Comedy
1011495,Comedy
1011495,Drama
1010156,Thriller
1010156,Drama
1010156,Romance
1010070,Crime
1010070,Drama
1011380,Drama
1011380,Comedy
1010809,Adventure
1010809,Comedy
1010809,Action
1010350,Thriller
1010350,Crime
1010350,Adventure
1010350,Drama
1010515,Family
1010515,Comedy
1010515,Musical
1010359,Comedy
1010359,Drama
1011139,Adventure
1011139,Comedy
1011139,Musical
1011643,Thriller
1011643,Drama
1011534,Documentary
1011394,Comedy
1011018,Adventure
1011018,Comedy
1011018,Musical
1011018,Family
1010356,Fantasy
1010356,Drama
1010056,Drama
1010201,Comedy
1010201,Drama
1010054,Comedy
1010059,Thriller
1010059,Drama
1010059,Adventure
1010281,Drama
1010281,Comedy
1800633,Drama
1004908,Crime
1004908,Romance
1005975,Fantasy
1005975,Adventure
1005975,Comedy
2052249,Documentary
1007858,Action
1007858,Thriller
1007858,Crime
1007858,Mystery
1007913,Romance
1007913,Comedy
1010007,Drama
1010007,Comedy
1010007,Romance
1002241,Horror
1002241,Thriller
1002241,Crime
1001400,Drama
1001585,Biography
1001585,Drama
1001585,Thriller
1000038,Drama
1002037,Drama
1004070,Comedy
1004070,Crime
1005661,Drama
1005661,Comedy
1002370,Romance
1002370,Drama
1010277,Romance
1010277,Drama
1010277,Comedy
1005747,Drama
1009998,Action
1002533,Drama
1002533,Crime
1003919,Comedy
1003919,Fantasy
1003919,Family
1007374,Crime
1007374,Drama
1007374,Thriller
1835172,Comedy
1835172,Drama
1000524,Comedy
1000524,Drama
1004703,Romance
1004703,Comedy
1004703,Action
1007568,Drama
1007568,Comedy
1004126,Adventure
1004126,Thriller
1004126,Comedy
1001886,Drama
1006509,Thriller
1006509,Adventure
1006509,Romance
1010017,Romance
1010017,Drama
1010963,Romance
1010963,Comedy
1010920,Documentary
1003033,Drama
1003033,Thriller
1001611,Drama
1001611,Comedy
1009477,Comedy
1009477,Romance
1007172,Drama
1007172,Thriller
1007172,Crime
1000035,Action
1000035,Drama
1000631,Drama
1000631,Adventure
1000631,Comedy
1009131,Thriller
1009131,Comedy
1009455,Comedy
1009455,Family
1009455,Drama
1007788,Drama
1010015,Comedy
1011588,Thriller
1011588,Drama
1090363,Comedy
1007409,Romance
1007409,Drama
1010224,Family
1010224,Comedy
1010224,Musical
1010068,Drama
1010068,Thriller
1010068,Romance
1009104,Comedy
1009104,Romance
1010024,Crime
1010024,Thriller
1010848,Musical
1010848,Drama
1006523,Drama
1006523,Romance
1010116,Comedy
1010116,Drama
1852672,Comedy
1852672,Adventure
1003400,Comedy
1003400,Drama
1010035,Drama
1010035,Musical
1010000,Thriller
1010000,Romance
1658600,Thriller
1658600,Drama
1658600,Fantasy
1274646,Comedy
1274646,Romance
1274646,Drama
1010232,Drama
1010232,Comedy
1011383,Romance
1011383,Drama
1011383,Comedy
1010023,Comedy
1010023,Drama
1058087,Romance
1010307,Biography
1010307,Documentary
1010307,History
1010153,Drama
1010153,Comedy
1327010,Comedy
1327010,Adventure
1327010,Family
1010076,Romance
1011144,Comedy
2006139,Short
2025955,Short
2006139,Short
2006139,Short
1010052,Romance
1010052,Drama
1010018,Comedy
1010018,Comedy
1005842,Drama
1009997,Sport
1009997,Comedy
1009999,Drama
1009999,Comedy
1009999,Musical
1010008,Comedy
1001127,Romance
1001127,Comedy
1004051,Comedy
1004051,Drama
2056027,Drama
1011498,Drama
1011498,Romance
1010047,Drama
1010047,Comedy
1010477,Comedy
1143532,Comedy
1143532,Drama
1004530,Drama
1003388,Comedy
1010016,Drama
1010016,Action
1010032,Comedy
1010032,Thriller
1010032,Drama
1009987,Comedy
1009987,Drama
1004760,Romance
1004760,Thriller
1004760,Adventure
1010014,Drama
1010214,Family
1010214,Drama
1010063,Comedy
1011452,Comedy
1011452,Fantasy
1072062,Comedy
1072062,Drama
1779445,Drama
1779445,Comedy
1010149,Mystery
1010149,Crime
1010149,Thriller
1939131,Romance
1939131,Family
1939131,Musical
1011313,Romance
1011313,Comedy
1005977,Comedy
2025956,Drama
2025956,Short
2035384,Drama
1791251,Drama
1005459,Drama
1010012,Comedy
1010003,Adventure
1010003,Crime
1010003,Drama
1010003,Action
1008073,Family
1008073,Comedy
1010002,Comedy
1006015,Romance
1006015,Action
1006015,Comedy
1010004,Comedy
1010194,Drama
2037603,Documentary
2037601,Documentary
2037604,Documentary
2037604,Musical
2037604,History
1001055,War
1002243,Drama
1002243,Comedy
1010164,Drama
1010868,War
1010868,Romance
1010868,Drama
2034677,War
2034677,Romance
2034677,Drama
1010122,Comedy
1010176,Drama
1010176,Romance
1010176,Comedy
1167625,Comedy
1010177,Drama
1010230,Drama
1011269,Comedy
1011269,Romance
1427091,Comedy
1427091,Romance
1427091,Fantasy
1001538,Comedy
1010051,Romance
1010051,Family
1010151,Romance
1010151,Comedy
1010151,Thriller
1010203,Romance
1010203,Thriller
1010203,Drama
1010203,Musical
1010203,Crime
1010146,Thriller
1010146,Drama
1010168,Family
1010168,Adventure
1010168,Comedy
2037608,Documentary
2037608,History
1011621,Drama
1011621,Romance
1011621,Short
1604051,Musical
1001090,Comedy
1002068,Comedy
1001528,Romance
1001528,Family
1007744,Comedy
1010947,Comedy
1010947,Drama
1010235,Thriller
1010235,Drama
1010235,Family
1010235,Comedy
1011451,Romance
1011451,Comedy
1011451,Drama
2037602,Documentary
2037602,War
1000626,Comedy
1010715,Drama
1010926,Drama
1010155,Drama
1010155,Romance
1157889,Drama
1157889,Family
1000225,Comedy
1000982,Thriller
1000982,Drama
1282775,Comedy
1968741,Family
1968741,Comedy
1001576,Drama
2068703,Documentary
1010295,Comedy
1010295,Drama
1010123,Thriller
1010123,Drama
1010123,Family
1010123,Comedy
1137998,Drama
1007402,Comedy
1005518,Action
1005518,Thriller
1010101,Comedy
1010213,Comedy
1002085,Comedy
1002085,Drama
1009977,Drama
1006048,Drama
1006048,Romance
1010200,Comedy
2027117,History
2027117,Religious
1003449,Drama
1010027,Comedy
1010027,Drama
1010027,Romance
1010027,Fantasy
2056987,Family
2056987,Fantasy
2056987,Adventure
2056982,Drama
2056982,Fantasy
2056982,Adventure
1594780,History
1594780,Drama
1007076,Comedy
1010840,Romance
1010840,Drama
1005536,Drama
1010968,Drama
1010968,Comedy
1010233,Drama
1010233,Romance
1005536,Drama
1010145,Adventure
1010145,Comedy
1010627,Drama
1010739,Comedy
1003277,Drama
1010173,Biography
1010173,History
1010173,Drama
1001734,Drama
1154143,Drama
1003419,Drama
1005653,Comedy
1010338,Short
1010338,Drama
1010304,Comedy
1010304,Adventure
1011607,Drama
1011607,Family
1004868,Comedy
1010956,Comedy
1010956,Family
1010956,Thriller
1011006,Comedy
1011006,Romance
1011006,Thriller
1011708,Drama
1690008,Thriller
1690008,Romance
1690008,Drama
1009698,Comedy
1010231,Comedy
1010231,Family
1010231,Drama
1010207,Comedy
1010207,Thriller
1010207,Adventure
1010102,Comedy
1010102,Comedy
2026762,Drama
1009777,Drama
1009777,Drama
1172730,Drama
1172730,History
1010026,Musical
1010026,Drama
1009711,Comedy
1009711,Drama
1009711,Musical
2056986,Action
2056986,Science Fiction
2056986,Adventure
1951363,Drama
1951363,Crime
1002404,Crime
1002404,Thriller
1002404,Drama
1001553,Crime
1001553,Drama
1001553,Thriller
1001553,Animation
1001525,Comedy
1010932,Drama
1010932,Crime
1010932,Thriller
1007823,Drama
2037231,Documentary
1010742,Drama
1010742,Romance
1009554,Drama
1011303,Comedy
1139916,Thriller
1001493,Drama
1009116,Crime
1002200,Drama
1002200,Romance
1002200,Comedy
1189708,Musical
1189708,Drama
1189708,Adventure
1002466,Drama
1002466,Comedy
1002466,Musical
1000837,Drama
1200416,Action
1200416,Crime
1005882,Drama
1005882,Comedy
1010150,Comedy
1010150,Romance
1010161,Thriller
1010161,Drama
1008307,Drama
1008307,Comedy
1008307,Romance
1010833,Drama
1007200,Drama
1005775,Drama
1007200,Drama
1865087,Drama
1004198,Comedy
2053409,Thriller
2053409,Crime
2046503,Musical
2046503,Family
1743349,Drama
1011338,Comedy
1011129,Thriller
1011129,Action
1472598,Romance
1472598,Drama
1006729,Drama
1007445,Drama
2037600,Documentary
1002740,Drama
1002740,History
1010163,Drama
1010163,Fantasy
1007764,Comedy
1003972,Comedy
1004658,Comedy
1004658,Drama
1520640,Drama
1002409,Drama
1002409,Thriller
1010205,Comedy
1946399,Drama
1006288,History
1006288,Biography
1024001,Drama
1006288,History
1006288,Biography
1946399,Drama
1946399,Drama
2068701,Short
1450676,Comedy
1450676,Drama
1450676,Thriller
1010166,Romance
1010166,Drama
1008898,Drama
1008898,Thriller
1008898,Crime
2035773,Drama
1007836,War
1007836,History
1000942,Thriller
1000942,Crime
1000942,Drama
1008928,Crime
1001508,Drama
1561252,Drama
1561252,Crime
1003030,Comedy
1003030,Drama
1003030,Fantasy
1003030,History
1010488,Thriller
1008760,Comedy
1000241,Drama
1000241,Comedy
1566954,Comedy
1566954,Drama
1003663,Drama
1011312,Drama
1005101,Drama
2003554,Drama
1011312,Drama
1005101,Drama
1008582,Drama
1008582,Romance
2045953,Drama
2045953,Romance
1010120,Musical
1010120,History
1010120,Drama
1010491,Drama
1428976,Sport
1428976,Drama
1277378,Romance
1277378,Drama
1010124,Drama
1316608,Comedy
1316608,Drama
1316608,Romance
1000165,Animation
1000165,Crime
1000165,Thriller
1000165,Adventure
1011190,Drama
1011190,Comedy
1311057,History
1311057,Drama
1736872,Drama
1736872,Thriller
1736872,Crime
1011611,Drama
1010247,Romance
1010247,Comedy
1010247,Family
1010247,Musical
1010655,Action
1010655,Crime
1010510,Comedy
2004305,Drama
2004305,Crime
1001313,Thriller
1001313,Crime
1001313,Thriller
1001313,Crime
1007920,Crime
1007920,Drama
1007920,Thriller
1993653,Crime
1993653,Thriller
1993653,Drama
1010731,Drama
1010731,Action
1010716,Comedy
1353927,Drama
1007463,Drama
1010796,Drama
1001542,Drama
1001542,Romance
1001542,Comedy
1384676,Horror
1384676,Thriller
1384676,Crime
1005581,Comedy
1005581,Thriller
1005581,Drama
1009916,Drama
1010580,Drama
1008632,Crime
1008632,Drama
1010955,Drama
1010955,Comedy
1008515,Drama
1008515,Crime
1010733,Drama
1010733,Comedy
1010490,Crime
1007282,Crime
1007282,Drama
1007282,Thriller
1003124,Drama
1003124,Romance
1695953,Drama
1952294,Comedy
1695953,Drama
1952294,Comedy
2053760,Drama
1000091,Thriller
1000091,Drama
1010489,History
1010489,Drama
1010489,War
1089577,Drama
1505256,Drama
1505256,Romance
1505256,Comedy
1008877,Drama
1008786,Comedy
1005985,Drama
1005985,Adventure
1005985,Crime
1003341,Drama
1003341,Comedy
1004818,Drama
1007617,Comedy
1669412,Drama
1669412,Crime
1579694,Thriller
1579694,Crime
1011705,Drama
1011705,Romance
1004695,Musical
1004695,Comedy
1004695,Drama
1007086,Thriller
1007086,Drama
1004464,Drama
1004464,Musical
1639933,Comedy
1048989,Drama
1048989,Crime
1000714,Drama
2020153,Drama
1010911,Drama
1282244,Documentary
1282244,Documentary
1706066,Thriller
1706066,Action
1706066,Crime
1002741,Drama
1002741,Thriller
1010011,Comedy
2052136,Thriller
1006422,Drama
1006422,Thriller
1006052,Thriller
1006052,Drama
1006052,Crime
1007985,Drama
1007440,Drama
1000358,Drama
2001543,Drama
2001543,Comedy
1010234,Action
1010234,War
1010234,History
1009307,Crime
1009307,Drama
1006602,Thriller
1006602,Drama
1007517,Comedy
1009838,Drama
1009838,Action
1009838,Thriller
1008011,Drama
1009175,Drama
1009175,Comedy
1000281,Drama
1003071,Drama
1003071,Thriller
1009678,Comedy
1377914,Drama
1377914,Musical
1010564,Comedy
1000323,Thriller
1000323,Crime
1008736,Drama
1002807,Comedy
1010419,Drama
1010419,Drama
1009522,Drama
1009522,Crime
1007048,Comedy
1007048,Thriller
1007048,Mystery
1007048,Horror
1007048,Drama
1008493,Thriller
1008493,Crime
1008493,Drama
1008493,History
1005848,Drama
1005848,Thriller
1001372,Drama
1001372,Musical
1001372,Comedy
1499794,Action
1499794,Thriller
1010425,Crime
1010425,Drama
1005460,Thriller
1005460,Drama
1005460,Horror
1010589,Comedy
1612075,Drama
1612075,Thriller
1010597,Drama
1010597,Comedy
1010578,Drama
1011501,Crime
1011501,Drama
1010777,Thriller
1010777,Drama
1010777,Action
1010299,Drama
1010586,Thriller
1010586,Drama
1003434,Drama
1006041,War
1006041,Drama
1005903,Drama
1005903,Romance
1513547,Drama
1010089,Drama
1009458,Drama
1010838,Thriller
1010838,Drama
1782842,Drama
1782842,Romance
1002191,Crime
1002191,Thriller
1002191,Drama
1263612,Thriller
1263612,Family
1003053,Drama
1003053,Action
1010626,Drama
1010904,Drama
1004782,Drama
1006945,Crime
1827168,Drama
1000213,Drama
1000213,Sport
1010423,Drama
1004295,Drama
1006718,Musical
1006718,Drama
1009035,Drama
1009035,Crime
1005032,Comedy
1005032,Drama
1010798,Drama
1011638,Drama
1010302,Drama
1010302,Romance
1010302,Musical
1001479,Family
1131193,Drama
1168502,Thriller
1168502,Fantasy
1242931,Drama
1005751,Drama
1131193,Drama
1010228,Drama
1007025,Drama
1006732,Drama
1004288,Thriller
1004288,Action
1000929,Drama
1000929,Crime
1000929,Crime
1000929,Drama
1010654,Thriller
1010654,Drama
1010604,Drama
1010305,Comedy
1010305,Drama
1000282,Comedy
1000282,Family
1010713,Crime
1010713,Drama
1550486,Action
1550486,Thriller
1550486,Thriller
1917108,Drama
1917108,Fantasy
1010407,Drama
1010810,Comedy
1010810,Drama
1009527,Comedy
1066040,Action
1066040,Drama
1567013,Comedy
1006865,Drama
1006865,Thriller
1006865,Crime
1717375,Family
1717375,Drama
1050116,Drama
2003556,Drama
1000034,Biography
1000034,Drama
1544519,Comedy
1002631,Thriller
1002631,Drama
1871592,Drama
1871592,Drama
2022000,Drama
1073332,Comedy
1007967,Drama
1007967,Musical
1008362,Drama
1010797,Crime
1010797,Drama
1009228,Drama
1009321,Adventure
1009321,Action
1867743,Drama
1004232,Drama
1004232,Comedy
1004232,Family
1444591,Drama
1444591,Thriller
1444591,Action
1096573,Drama
1096573,History
1009859,Drama
1009859,Comedy
1010811,Horror
1010811,Crime
1010811,Drama
1010811,Thriller
1010452,Crime
1010452,Drama
1318149,Drama
1318149,Comedy
1318149,Adventure
1884903,Drama
1941270,Drama
1527031,Crime
1001963,Comedy
1001963,Drama
1010410,Crime
1010410,Drama
1000546,Crime
1010487,Thriller
1010487,Action
1010174,Drama
1008146,Drama
1011204,Musical
1011204,Drama
2019174,Drama
1000353,Drama
1000353,Comedy
1003842,Drama
1003842,Thriller
1438819,Comedy
1005621,Musical
1005621,Romance
2045946,Drama
1004038,Drama
1004038,Drama
1007370,Comedy
1007370,Drama
1008476,Drama
1008476,Thriller
1008476,Romance
1008476,Animation
1008476,Comedy
1010048,Drama
1010048,Mystery
1010048,Comedy
1003497,Drama
1003470,Drama
1011235,Horror
1011235,Drama
1010383,Drama
1010383,Thriller
1010127,Drama
1006995,Drama
1010453,Drama
1011706,Drama
1011706,Fantasy
1011706,Action
1000172,Drama
1000983,Crime
1000983,Drama
1219422,Drama
1010175,Comedy
1010175,Musical
1001283,Crime
1001283,Drama
1005239,Drama
1006000,Action
1006000,War
1006000,Adventure
1125916,Documentary
1125916,Short
1008707,Thriller
1008707,Drama
1005154,Drama
1005154,Crime
1000228,Musical
1000228,Drama
1217974,Crime
1217974,Drama
1008789,Comedy
1008789,Adventure
1004731,Comedy
1505802,Drama
1505802,Romance
1505802,Family
1000397,Drama
1000397,Musical
1777486,Drama
1777486,Crime
1010417,Crime
1010417,Drama
1002004,Action
1007386,Action
1007386,Thriller
1003287,Thriller
1003287,Crime
1003287,Drama
1002349,Adventure
1002349,Comedy
1003597,Drama
1756608,Action
1756608,Crime
1006984,Drama
1009309,Comedy
1009309,Drama
1010311,Comedy
1010311,Crime
1339103,Thriller
1371740,Drama
1371740,Romance
2000071,Drama
1010590,Crime
1010590,Drama
1010590,Comedy
2024905,Religious
2024905,Biography
1002762,Drama
1006300,Thriller
1006300,Crime
1006300,Drama
1004859,Crime
1004859,Drama
2011312,Thriller
2011312,Drama
1002762,Drama
1009269,Crime
1009269,Drama
1009269,Thriller
1009776,Drama
2025722,Adventure
2025722,Comedy
1520621,Comedy
1008365,Drama
1008365,Musical
1005754,Drama
1011289,Drama
1010298,Comedy
1787301,Crime
1787301,Comedy
1010663,Crime
1010663,Drama
1636983,Drama
1636983,Crime
1768853,Drama
1358985,Drama
1000672,Drama
1010581,Thriller
1010581,Drama
1010329,Drama
1819986,Drama
1003157,Drama
1003157,Comedy
1921910,Drama
1004576,Family
1010144,Biography
1010144,Drama
1010653,Drama
1008702,Drama
1010603,Drama
1010468,Thriller
1010468,Action
1010468,Adventure
1010092,Drama
1005312,Crime
1011702,Drama
1011702,Thriller
1000933,Crime
1000720,Thriller
1000720,Adventure
1000720,Musical
1000720,Comedy
1026306,Drama
1027625,Comedy
1027625,Drama
1776144,Comedy
1413063,Comedy
1413063,Drama
2012469,Thriller
2012469,Action
2012469,Crime
1630871,Comedy
1630871,Drama
1010766,Comedy
1010766,Drama
1010414,Comedy
1010414,Drama
1010237,Fantasy
1010237,Drama
1010237,Comedy
2004057,Thriller
2004057,Action
2004057,Drama
2005187,Drama
1010506,Comedy
1010506,Crime
1010560,Family
1010560,Drama
1000555,Drama
1000555,Crime
1446150,Drama
1004272,Comedy
1002452,Drama
1006360,Family
1006360,Comedy
1000122,Drama
1005864,Drama
1005864,Family
1005037,Drama
1060350,Thriller
1060350,Crime
1009769,Crime
1009769,Drama
1010806,Crime
1010806,Comedy
1010806,Musical
1008774,Drama
1006823,Drama
1006823,Comedy
1010411,Drama
1010411,Romance
1430300,Drama
1580071,Thriller
1580071,Action
1580071,Thriller
1580071,Action
1553580,Comedy
1553580,Drama
2036854,Documentary
2036854,Short
1010411,Drama
1010411,Romance
1010451,Drama
1010451,Comedy
2016719,Comedy
1002064,Musical
1002064,Drama
1002064,Comedy
1001800,Drama
1181261,Drama
1181261,Crime
1413434,Crime
1413434,Drama
1007481,Drama
1236898,Drama
1010334,Drama
1010334,Thriller
1006213,Drama
1006213,Crime
1006213,Action
1010142,Drama
1595216,Drama
1414947,Science Fiction
1414947,Drama
1004560,Drama
1006678,Crime
1006678,Drama
1006678,Romance
1010469,Drama
1010553,Drama
1003711,Comedy
1006073,Drama
1011246,Thriller
1011246,Crime
1011067,Thriller
1011067,Drama
1008857,Comedy
1008857,Drama
1008857,Family
1002118,Comedy
1010413,Crime
1010413,Comedy
1001048,Crime
1001048,Thriller
1011193,Comedy
1011193,Drama
2003361,Drama
1007827,Drama
1010730,Drama
1908708,Comedy
1000964,Drama
1000964,Thriller
1004931,Drama
1202454,Drama
1003550,Thriller
1008449,Thriller
1008449,Crime
1008449,Comedy
1005397,Thriller
1005397,Drama
1010404,Crime
1010404,Drama
1003614,Thriller
1003614,Drama
2008215,Family
2008215,Drama
1037694,Drama
1689458,Drama
1010409,Comedy
2018132,Drama
1328026,Drama
2021991,Drama
2021991,Drama
1008572,Drama
1008212,Drama
1010620,Drama
1011016,Drama
1011016,Musical
1928525,Drama
1979977,Drama
1010825,Comedy
1010825,Drama
1011240,Comedy
1011240,Drama
1678878,Comedy
1678878,Drama
1266936,Comedy
1008645,Drama
1011191,Drama
1011191,Adventure
1011191,Mystery
1011191,Fantasy
1010869,Biography
1010869,Drama
1188359,Drama
1188359,Comedy
1188359,Thriller
1491686,Thriller
1491686,Drama
1011271,Crime
1011271,Crime
1010114,Drama
1010114,Thriller
1010114,Comedy
1545667,Drama
1545667,Crime
1545667,Thriller
1003072,Drama
1000632,Thriller
1000632,Drama
1010449,Thriller
1010449,Drama
1011017,Drama
1011017,Romance
2005714,Comedy
2005714,Drama
1010226,Drama
1009941,Comedy
1009941,Adventure
1000513,Drama
1000513,Romance
1000513,Crime
1010576,Drama
1959361,Drama
1001594,Drama
1000336,Drama
1011711,Drama
1010826,Drama
1010648,Drama
1010648,Action
1004072,Musical
1003606,Horror
1003606,Crime
1003606,Thriller
1010812,Action
1010812,Thriller
1010812,Drama
1984170,Family
1984170,Romance
1984170,Drama
1844040,Drama
1844040,Thriller
1010543,Comedy
1202640,Thriller
2019780,Drama
2007289,Romance
1003811,Action
1003811,Thriller
1002406,Crime
1010598,Mystery
1010598,Action
1010598,Adventure
1009068,Crime
1009068,Thriller
1003671,Drama
1003671,Comedy
1010743,Drama
1010743,Crime
1001074,Crime
1001074,Thriller
1002537,Drama
1001924,Action
1001924,Drama
1004483,Drama
1787946,Drama
1259671,Comedy
1259671,Drama
1010960,Drama
1010960,Romance
1010462,Thriller
1010462,Drama
1010462,Comedy
1976119,Drama
1010536,Thriller
1010536,Drama
1284447,Comedy
2002230,Drama
1350107,Comedy
1010538,Thriller
1010538,Drama
1227689,Drama
1010644,Thriller
1010644,Drama
1008908,Drama
1464950,Drama
1010745,Drama
1010745,Action
1008469,Crime
1008469,Drama
1008469,Crime
1008469,Drama
1010745,Drama
1010745,Action
1909174,Comedy
1909174,Drama
1002668,Science Fiction
1002668,Horror
1002668,Thriller
1010236,Horror
1010236,Thriller
1011532,Drama
1002423,Drama
1908474,Drama
1007663,Drama
1011718,Drama
1011718,Crime
2022498,Drama
1544229,Family
1081144,Thriller
1081144,Horror
1272796,Drama
1006980,Drama
1011226,Crime
1011226,Drama
1011302,Drama
2005924,Drama
1010337,Drama
1010337,Action
1010337,Comedy
1006852,Drama
1006852,Comedy
1006852,Adventure
1287384,Drama
1010828,Drama
1010828,Crime
1010828,Thriller
1003682,Crime
1003682,Animation
1003682,Drama
1003682,Thriller
1005141,Drama
2026585,Drama
1064918,Family
1064918,Comedy
1010910,Comedy
1010910,Drama
1538456,Drama
2010757,Thriller
2010757,Drama
1007363,Drama
2021763,Drama
1005750,Drama
1005750,Crime
1005750,Horror
1000245,Drama
1854342,Comedy
1854342,Drama
1001661,Drama
2045439,Thriller
1953061,Crime
1953061,Thriller
1010244,Drama
1010244,Crime
1007455,Drama
1007455,Thriller
1003918,Drama
1003918,Thriller
1003918,Action
1004213,Drama
1010461,Comedy
1010461,Drama
1010605,Drama
1010573,Thriller
1010573,Drama
1484941,Crime
1010830,Drama
1009647,Comedy
1009647,Thriller
1531116,Drama
1010373,Drama
1010652,Drama
1002169,Drama
1010135,Drama
1010135,Thriller
1010418,Drama
1011613,Drama
1011399,Romance
1011399,Drama
1005797,Drama
1524779,Drama
1005797,Drama
1242438,Crime
1242438,Thriller
1242438,Drama
1250896,Comedy
1010740,Drama
1010740,Thriller
1010740,Comedy
1006083,Drama
1006083,Romance
1010476,Drama
1010476,Crime
1010611,Drama
1010611,Thriller
1010965,Drama
1010965,Comedy
1010965,Family
1005669,Thriller
1005669,Drama
1001007,Drama
1948933,Crime
1948933,Drama
1003998,Drama
1010723,Drama
1004472,Drama
1003038,Drama
1002865,Thriller
1002865,Drama
1009504,Action
1009504,Drama
1009504,Thriller
1721790,Drama
1003790,Comedy
1010456,Drama
1010769,Drama
1006456,Drama
1344697,Drama
1723441,Drama
1723441,Comedy
1639669,Comedy
1006088,Drama
1006088,Comedy
1001696,Crime
1001696,Drama
1006714,Drama
1006714,Comedy
1007027,Drama
1552716,Drama
1552716,Musical
1010776,Drama
1733849,Drama
1010474,Musical
1010306,Drama
1004874,Drama
1003210,Drama
1007058,Drama
1010416,Crime
1010416,Drama
1010416,Thriller
1004617,Musical
1004617,Drama
1202557,Drama
1369579,Drama
1369579,Thriller
1007053,Drama
1010537,Drama
1010537,Musical
1010038,Thriller
1010038,Drama
1178406,Thriller
1178406,Crime
1023511,Horror
1023511,Mystery
2021999,Drama
1870889,Drama
1816685,Thriller
1816685,Drama
1005354,Drama
1601196,Drama
1003512,Drama
1005359,Drama
1007954,Drama
2027908,Drama
1004730,Drama
2053003,Drama
1001006,Drama
1003729,Crime
1003729,Drama
1007698,Drama
1007698,Thriller
1005823,Drama
1003537,Drama
1003537,Comedy
1009247,Fantasy
1009247,Drama
1009247,Romance
1010901,Drama
1004564,Comedy
1004564,Drama
1010792,Drama
1285463,Crime
1285463,Drama
1010465,Drama
1010465,Crime
1010584,Drama
1010300,Thriller
1754953,Thriller
1754953,Drama
1011227,Drama
1002681,Thriller
1002681,Comedy
1000031,Drama
1010242,Drama
1011228,Comedy
1011228,Drama
1010403,Drama
1010574,Drama
1010574,Crime
1001757,Mystery
1001757,Crime
1011514,Drama
1011514,Romance
1008084,Drama
1908961,Drama
1908961,Comedy
1010829,Drama
1010829,Mystery
1010829,Crime
1010216,Romance
1010216,Drama
1010646,Drama
2011190,Family
2011190,Comedy
2011190,Drama
1005772,Drama
1005772,History
1926985,Drama
1003273,Drama
1003273,Comedy
1003607,Drama
1003607,Comedy
1010591,Comedy
1010415,Crime
1010415,Thriller
1000642,Drama
1000642,Comedy
1010903,Drama
1010903,Family
1004913,Drama
1883053,Drama
1000737,Drama
1010962,Horror
1010962,Thriller
1010962,Drama
1003782,Drama
1788295,Comedy
1006600,Thriller
1006600,Crime
1006600,Action
1526714,Drama
1410349,Drama
1410349,Family
1664035,Horror
1664035,Drama
1664035,Thriller
1000120,Drama
1010148,Drama
1010148,Thriller
1010148,Horror
1010148,Mystery
1005224,Comedy
1005996,Comedy
1005996,Drama
1010803,Drama
1010803,Comedy
1005941,Drama
1159291,Comedy
1159291,Thriller
1159291,Drama
1735345,Drama
2026114,Drama
2026114,Crime
1871448,Drama
1010252,Drama
1546295,Drama
1010471,Comedy
1010471,Drama
1000139,Crime
1000139,Drama
1000506,Drama
1010137,Thriller
2005091,Comedy
2005091,Crime
2005091,Thriller
1009064,Thriller
1009064,Science Fiction
1010871,Crime
1010871,Drama
1010087,Drama
1003854,Drama
1011137,Thriller
1011137,Drama
1007442,Comedy
1008525,Drama
1008525,Crime
1817231,Comedy
1010694,Drama
1008372,Drama
1008372,Thriller
1005870,Comedy
1746091,Drama
1746091,Comedy
1006896,Drama
1009059,Thriller
1009059,Drama
1011225,Drama
1373336,Drama
1972067,Drama
1972067,Musical
1955706,Drama
1010804,Drama
1010475,Drama
1010475,Comedy
1002032,Drama
1000898,Comedy
1000898,Drama
1009029,Sport
1009029,Drama
1009029,Biography
1000854,Comedy
1000854,Romance
1005102,Crime
1005102,Drama
1665977,Drama
1665977,Thriller
1656075,Drama
1008341,Thriller
1005938,Comedy
1335602,Drama
1010539,Mystery
1010539,Drama
1001257,Comedy
1108817,Comedy
1108817,Drama
1010775,Drama
1210761,Comedy
1210761,Drama
1004115,Drama
1001923,Comedy
1001923,Thriller
1002796,Drama
1010559,Thriller
1010559,Drama
1001422,Drama
1001422,Comedy
1527822,Drama
1010227,Drama
1010227,Comedy
1010227,Romance
1010424,Comedy
1010424,Adventure
1004378,Drama
1001337,Drama
1001337,Fantasy
1004725,Drama
1029318,Crime
1029318,Drama
1977774,Drama
1977774,Musical
1000640,Drama
1001530,Drama
1001530,Comedy
2008738,Family
2008738,Comedy
1007322,Crime
1007322,Thriller
1007322,Musical
1010554,Action
1010554,Crime
1009055,Drama
1008228,Drama
1010480,Drama
1010480,Comedy
1010480,Thriller
1010499,Drama
1011257,Crime
1011257,Drama
1011257,Thriller
1011257,Drama
1053875,Comedy
1053875,Musical
1000810,Drama
1272555,Thriller
1272555,Drama
1002174,Drama
1100710,Drama
1100710,Thriller
1006340,Drama
1006340,Comedy
1010964,Drama
1800353,Comedy
1800353,Adventure
1009367,Comedy
1009367,Romance
1009367,Action
1006682,Drama
1003116,Musical
1003116,Drama
1010786,Comedy
1004735,Drama
1004735,Comedy
1009482,Crime
1346252,Drama
1004882,Comedy
1010141,Drama
1000421,Drama
1631038,Drama
1631038,Crime
1003810,Comedy
1003810,Crime
1010301,Drama
1002707,Comedy
1011233,Drama
1010569,Thriller
1003656,Action
1003656,Thriller
1002268,Drama
1008823,Musical
1008823,Drama
1008823,Romance
1011275,Drama
1005097,Comedy
1002407,Comedy
1005147,Comedy
1001451,Drama
1011239,Drama
1011239,War
1000969,Crime
1000969,Mystery
1047932,Drama
1419719,Mystery
1419719,Crime
1010229,Drama
1010229,Thriller
1009724,Thriller
1009724,Drama
1010674,Drama
1008439,Crime
1008439,Drama
1011521,Drama
1008437,Thriller
1008437,Drama
1008542,Drama
1010196,Fantasy
1010196,Drama
1010196,Biography
2012610,Drama
1010592,Comedy
1447267,Drama
1447267,Crime
1256501,Crime
1256501,Drama
1395721,Comedy
1000717,Drama
1011439,Drama
1011526,Drama
1011526,Musical
1006255,Comedy
1007319,Comedy
1001782,Action
1001782,Comedy
1010467,Romance
1010467,Drama
1005912,Comedy
1009851,Thriller
1009851,Crime
1009851,Drama
1010587,Comedy
1010587,Drama
2000334,Comedy
1001199,Drama
1001199,Adventure
1001199,Comedy
1001199,Family
2019190,Drama
1001704,Drama
1008251,Romance
1008251,Drama
1817728,Drama
1817728,Comedy
1082595,Comedy
1082595,Crime
1010571,Drama
1757537,Drama
2000234,Comedy
1010479,Drama
1044341,Comedy
1044341,Drama
1010793,Drama
1010036,Drama
1010133,Drama
1008819,Drama
1241215,Drama
1241215,Crime
1241215,Drama
1241215,Crime
1007787,Drama
1010131,Musical
1010131,Horror
1010131,Thriller
1010131,Drama
1000666,Drama
1000666,Comedy
1010673,Comedy
1010673,Drama
1010673,Crime
1009561,Thriller
1009561,Crime
1009079,Drama
1009079,Comedy
1009079,Mystery
1984949,Drama
1000064,Drama
1010659,Romance
1515754,Thriller
1515754,Crime
1011222,Drama
1011222,Family
1007015,Thriller
1007015,Drama
2036534,Adventure
2036534,Thriller
2036534,Mystery
2016735,Drama
1010754,Romance
1195368,Drama
1195368,Family
1011100,Drama
1836730,Drama
1020360,Romance
1020360,Drama
1010457,Drama
1010457,Crime
1010457,Action
1010457,Family
1091779,Drama
1091779,Comedy
1091779,Romance
1011229,Comedy
1024614,Drama
1024614,Crime
1003209,Drama
1003209,Romance
1010192,Drama
1010192,Romance
1741902,Drama
1750104,Thriller
1750104,Crime
1206753,Documentary
1206753,Drama
1206753,Thriller
1000271,Action
1000271,Thriller
1000271,Crime
1252846,Drama
1252846,Romance
1714481,Drama
1010466,Thriller
1010466,Crime
1001044,Comedy
1007114,Musical
1007114,Drama
1223570,Thriller
1223570,Drama
1223570,Crime
1223570,Mystery
1006242,Crime
1006242,Drama
1718585,Drama
1007709,Drama
1007709,Comedy
1007940,Thriller
1007940,Comedy
1009318,Drama
1000487,Drama
1010521,Crime
1001746,Drama
1010794,Drama
1006185,Drama
1010121,Drama
1010121,Biography
1005574,Romance
1005574,Drama
1010104,Comedy
1011559,Drama
1000443,Drama
1002728,Drama
1768994,Crime
1009233,Crime
1009233,Drama
1002526,Drama
1002526,Crime
1005297,Drama
1003979,Comedy
1009861,Drama
1278559,Drama
1278559,Thriller
1278559,Crime
1278559,Crime
1415169,Drama
1619698,Drama
1010130,Musical
1010130,Drama
1010645,Drama
1006267,Drama
1002944,Drama
1010839,Drama
1010839,War
2000236,Comedy
2000236,Musical
1010113,Musical
1010113,Drama
1934373,Action
1934373,Crime
1934373,Thriller
1008097,Drama
1009102,Drama
1009102,Drama
1008371,Crime
1008371,Mystery
1010966,Drama
1980627,Thriller
1980627,Drama
1010751,Drama
1010751,Family
1113536,Romance
1113536,Drama
1002766,Drama
1568820,Drama
1429313,Comedy
1010683,Romance
1010683,Family
1199266,Drama
1000697,Drama
1004854,Drama
1005288,Drama
1221745,Drama
1478020,Mystery
1005860,Biography
1005860,Drama
1009179,Drama
1001709,Drama
1001709,Thriller
1146106,Drama
1531451,Drama
1008009,Comedy
1008009,Drama
1010570,Drama
1426459,Drama
1007129,Drama
1114659,Musical
1114659,Comedy
1007806,Romance
1007806,Comedy
1006782,Thriller
1006782,Drama
1000056,Drama
1000056,War
1602983,Drama
1318426,Thriller
1003939,Drama
1003939,Comedy
1371864,Drama
1371864,Romance
1008641,Drama
1010748,Comedy
1000412,Romance
1000412,Drama
1010459,Drama
1010459,Comedy
1563740,Drama
1092284,Drama
1009734,Crime
1009734,Drama
1009734,Thriller
1011259,Drama
1011259,Musical
1005993,Drama
1005993,Crime
1006735,Drama
1006735,Comedy
1001650,Drama
1004130,Drama
1004130,Romance
1004130,Comedy
2056985,Science Fiction
2056985,Action
2056985,Adventure
2056985,Fantasy
2044707,Musical
2044707,Short
1010682,Drama
1413191,Drama
1413191,Musical
1239084,Drama
1010721,Drama
1010128,Drama
1357328,Comedy
1562884,Drama
1562884,Romance
2003818,Drama
1011512,Comedy
1515585,Drama
1515585,Romance
1003039,Drama
1003039,Romance
1010240,Drama
1911758,Drama
1003227,Drama
1003227,Crime
1117492,Drama
1117492,Musical
1005117,Drama
1453955,Thriller
1453955,Comedy
1008067,Mystery
1311229,Drama
1004004,Comedy
1010182,Romance
1010182,Drama
1525292,Drama
1525292,Musical
1525292,Comedy
1009176,Drama
1010211,Thriller
1010211,Drama
1926622,Musical
1926622,Comedy
1010241,Comedy
1010241,Fantasy
1010241,Family
1010241,Sport
1003978,Comedy
1003978,Adventure
1003978,Romance
1003978,Drama
1558820,Drama
1903778,Drama
1001771,Thriller
1001771,Drama
1005584,Drama
1004570,Adventure
1004570,Biography
1004570,History
1004570,Drama
1004570,War
1004570,Religious
1366657,Comedy
1366657,Musical
1820971,Drama
1010193,Drama
1010193,Comedy
1010193,Musical
1011062,Drama
1011062,Romance
1071900,Drama
2022167,Drama
1009209,Drama
1390653,Drama
1390653,Crime
1390653,Thriller
1009210,Drama
1000356,Drama
1000356,Romance
1008223,Drama
1009516,Drama
1002014,Comedy
1003285,Drama
1010726,Musical
1010726,Romance
1002271,Drama
1002271,Romance
1002271,Thriller
1011311,Drama
1011311,Crime
1057135,Drama
1088623,Family
1088623,Musical
1003354,Comedy
1003354,Western
1941801,Comedy
1941801,Drama
1941801,Musical
1010552,Drama
1010552,Thriller
1603495,Romance
1603495,Drama
1320756,Drama
1320756,Comedy
1009594,Drama
1010681,Adventure
1010681,Drama
1010681,Action
1010583,Comedy
1082168,Drama
1011107,Comedy
1005799,Drama
2050384,Drama
1000537,Drama
1008116,Drama
1008116,Thriller
1000849,Comedy
1003944,Drama
1010167,Drama
1010167,Comedy
1010167,Family
1010209,Drama
1010209,Romance
1010209,Adventure
1128934,Drama
1457373,Drama
1457373,Romance
1009731,Drama
1010685,Thriller
1852917,Drama
1000057,Comedy
1809726,Comedy
1002726,Crime
1002726,Thriller
1002726,Drama
1005992,Drama
1005992,Thriller
1003206,Drama
1009932,Drama
1005811,Musical
1005811,Romance
1623483,Drama
1011260,Fantasy
1011260,Musical
1296141,Drama
1006555,Drama
1001293,Drama
1723060,Biography
1580773,Drama
1580773,Romance
1010746,Comedy
1010643,Musical
1010643,Drama
1006611,Drama
1004744,Drama
1006231,Drama
1010672,Drama
1010672,Adventure
1010672,Romance
1004417,Romance
1004417,Musical
1004417,Drama
1264199,Musical
1264199,Comedy
1008682,Comedy
1000660,Drama
1000660,Thriller
1000180,Drama
1000180,Romance
1009357,Drama
1005969,Drama
1005969,History
1006028,Drama
1004714,Romance
1251708,Drama
1005722,Thriller
1011096,Drama
1263753,Comedy
1001333,Romance
1001333,Drama
1009937,Crime
1009937,Action
1967038,Musical
1967038,Drama
1967038,Thriller
1967038,Romance
1910347,Drama
1000131,Comedy
1011081,Drama
1000475,Drama
1010679,Drama
1008814,Musical
1008814,Drama
1008814,Comedy
1566555,Drama
1566555,Romance
1049798,Drama
1009590,Thriller
1009590,Drama
1007958,Comedy
1010676,Drama
1006646,Thriller
1006646,Drama
2026747,Documentary
2026747,History
1009768,Drama
1003412,Drama
1006067,Musical
1006067,Comedy
2068698,Short
2056263,Short
2056263,Documentary
2056262,Documentary
2044284,Drama
1004170,Drama
1004170,Fantasy
1004170,Crime
1007789,Drama
1007789,Crime
1005445,Comedy
1005445,Romance
1009767,Drama
1365054,Romance
1365054,Drama
1010132,Drama
1011046,Drama
1011046,Drama
1011119,Comedy
1011119,Romance
1059152,Adventure
1059152,Comedy
1359324,Drama
1010657,Thriller
1010657,Drama
1011524,Musical
1011524,Drama
1000299,Drama
1000299,Comedy
1368796,Drama
1368796,Comedy
1002316,Drama
1010098,Comedy
1009626,Drama
1010677,Drama
1010025,Drama
1010805,Drama
1010678,Romance
1010678,Drama
1001068,Comedy
1094969,Action
1094969,Thriller
1010669,Thriller
1010669,Drama
1009553,Comedy
1009340,Thriller
1011287,Adventure
1011287,Thriller
1011287,Drama
1004266,Action
1004266,Drama
1007587,Drama
1004003,Thriller
1004003,Drama
1003441,Drama
1003441,Romance
1010763,Thriller
1010763,Crime
1010364,Drama
1010364,Romance
1002978,Drama
1002978,Thriller
1002978,Comedy
1002978,Romance
1002978,Family
1002802,Comedy
2068697,Short
2048058,Crime
1005259,History
1003477,Drama
1003477,Thriller
1367808,Romance
1367808,Adventure
1367808,Drama
1367808,Science Fiction
1010045,Comedy
1010045,Musical
1010045,Romance
1010183,Drama
1008570,Drama
1008570,Documentary
1010172,Drama
1010172,Romance
1000868,Thriller
1000868,Action
1000868,Drama
1916974,Drama
1011104,Drama
1199867,Drama
1199867,War
1981221,Romance
2037228,Documentary
1000863,Thriller
1000863,Drama
1443899,Drama
1010111,Musical
1009282,Drama
1009282,Romance
1251322,Drama
1011263,Action
1011263,Drama
2019894,Documentary
2019894,Short
1011247,Comedy
1007811,Comedy
1009065,Thriller
1009065,Drama
1006697,Adventure
1006697,Comedy
1701521,Drama
2031035,Drama
1006712,Drama
1006583,Drama
1483162,Drama
1537623,Romance
1006343,Drama
1655948,Drama
1425955,Musical
1425955,Drama
1002048,Comedy
1010514,Romance
1010514,Drama
2022169,Crime
2022169,Drama
1007093,Adventure
2035242,Crime
1892885,Drama
1892885,Crime
2008938,Drama
2006336,Drama
2006336,Romance
1003690,Romance
1607032,Drama
1607032,Thriller
1747408,Drama
1011082,Crime
1011082,Drama
1001386,Drama
1000479,Drama
1000479,Romance
1085483,Drama
1085483,Drama
1452048,Drama
1770895,Drama
1770895,Fantasy
1010125,Thriller
1010125,Drama
1010125,Crime
1000235,Drama
1011070,Musical
1011070,Romance
1005197,Drama
1440808,Drama
1005488,Drama
1005488,Action
1009124,Romance
1009124,Drama
2000074,Drama
2007824,Thriller
1157274,Drama
1157274,Musical
1157274,Romance
1417792,Drama
1417792,Romance
1001958,Thriller
1001958,Action
1007572,Thriller
1007572,Drama
1011441,Drama
1006590,Drama
1010028,Action
1010028,Drama
1010028,Thriller
1484692,Drama
1484692,Thriller
1757264,Thriller
1757264,Crime
1007017,Romance
1007017,Comedy
1000708,Drama
1389835,Drama
1011565,Drama
1115363,Drama
1008047,Drama
1934717,Drama
1934717,Comedy
1006733,Drama
1006733,Romance
1005252,Drama
1005252,Comedy
1003967,Comedy
1002289,Comedy
1003263,Comedy
1000018,Drama
1000018,Romance
1208632,Thriller
1010126,Drama
1947587,Comedy
1947587,Drama
1011094,Romance
1011094,Comedy
1837207,Mystery
1837207,Thriller
1837207,Crime
1006394,Drama
1000244,Drama
1000244,Comedy
1000244,Science Fiction
1795629,Drama
1795629,Romance
1010185,Drama
1278971,Comedy
1278971,Thriller
1000022,Thriller
1004077,Crime
1004077,Thriller
1006890,Musical
1854843,History
1008301,Musical
1008301,Drama
1011047,Romance
1011047,Drama
1010184,Drama
1006391,Musical
1000077,Comedy
1005952,Drama
1744727,Crime
1744727,Comedy
1744727,Drama
1595585,History
1595585,Drama
1281179,Drama
1464707,Comedy
1001471,History
1001471,Drama
1001691,Action
1001691,Drama
1212152,Drama
1212152,Comedy
1286022,Romance
1286022,Drama
1005476,Drama
1591778,Drama
1239123,Thriller
1239123,Adventure
1239123,Action
1239123,Crime
1098605,Drama
1098605,Romance
1098605,Comedy
1098605,Musical
1001504,Drama
1002275,Comedy
1002275,Action
1002717,Drama
1002717,Musical
1011108,Comedy
1011108,Crime
1011108,Thriller
1003343,Drama
1003343,Thriller
1876688,Crime
1876688,Drama
1876688,Adventure
1000093,Drama
1000093,Musical
1004556,Drama
1004556,Romance
1008903,Comedy
1010832,Drama
1000590,Action
1000590,Comedy
1000590,Thriller
1007209,Adventure
1007209,Drama
1002491,Thriller
1501106,Comedy
1246155,Drama
1070630,Family
1070630,Comedy
1008918,Drama
1966695,Comedy
1966695,Romance
2037230,Documentary
1008496,Crime
1008496,Action
1001502,Romance
1001502,Drama
1011179,Thriller
1011179,Romance
1011179,Drama
1004382,Comedy
1004382,Romance
1004382,Drama
1006672,Drama
1006616,Drama
1006616,Comedy
1010546,Comedy
1011245,Drama
1258107,Comedy
1258107,Drama
1004835,Action
1040983,Comedy
1000156,Adventure
1000156,Comedy
1958691,Drama
1003061,Action
1003061,Thriller
1003061,Drama
1770629,Drama
1576588,Comedy
1011395,Drama
1002756,Drama
1683924,Drama
1683924,Comedy
1007418,Romance
1007418,Drama
1007418,Musical
1005240,Comedy
1005191,Drama
1011093,Romance
1011093,Comedy
1011093,Drama
1000978,Musical
2006090,Drama
1220802,Comedy
1220802,Drama
1002459,Drama
1002459,Action
1008481,Crime
1008481,Thriller
1008481,Comedy
1192622,Musical
1192622,Drama
1568354,Comedy
1568354,Musical
1528869,Science Fiction
1528869,Comedy
1031029,Comedy
1031029,Musical
1004217,Thriller
1004217,Drama
1549917,Drama
1549917,Musical
2005680,Comedy
2005680,Romance
1002242,Comedy
1009925,Drama
1009925,Comedy
2018869,Drama
1005995,Drama
1005995,Romance
1005995,Comedy
1010187,Romance
1010187,Drama
1008629,Drama
1005216,Romance
1005216,Comedy
1010105,Drama
1010105,Crime
1010105,Comedy
1045821,Drama
1000543,Drama
1000543,Romance
1003520,Comedy
1176476,Romance
1176476,Comedy
1186938,Romance
1186938,Musical
1010912,Drama
1404370,Romance
1341773,Fantasy
1341773,Comedy
1806893,Romance
1806893,Drama
1525342,Drama
1011079,Musical
1011079,Comedy
1255272,Comedy
1255272,Musical
1008773,Comedy
1008773,Thriller
1008773,Crime
1736637,Drama
1232928,Drama
1232928,Comedy
1011286,Drama
1163812,Drama
1163812,Comedy
1163812,Musical
1000036,Drama
1006736,Crime
1006736,Thriller
1005828,Comedy
1000357,Comedy
1104417,Drama
1011288,Romance
1011288,Drama
1593147,Crime
1593147,Thriller
1011113,Comedy
2004735,Drama
2029911,Drama
2004715,Drama
2004715,History
2004715,Documentary
1006424,Musical
1006424,Drama
1006424,Musical
1008384,Drama
2068696,Documentary
1524958,Drama
1011183,Drama
1011183,Musical
1007494,Romance
1007494,Comedy
1011315,Comedy
1011315,Action
1011315,Thriller
1011315,Crime
1162127,Drama
1011145,Romance
1011398,Drama
1010245,Drama
1010245,Thriller
1004589,Drama
1004589,Romance
1004589,Comedy
1010042,Romance
1010042,Drama
1006758,Comedy
1006758,Drama
1000376,Comedy
1000376,Musical
1000071,Comedy
1481771,Crime
1481771,Drama
1003156,Drama
1003156,Family
1928879,Comedy
1009802,Adventure
1009802,Romance
1001881,Comedy
1001881,Romance
1001881,Musical
1007686,Comedy
1007686,Thriller
1007686,Musical
1001764,Drama
1011265,Drama
1003016,Family
1008166,Family
1008166,Comedy
1008166,Musical
1277414,Drama
1007652,Comedy
1007652,Drama
1771957,Comedy
1771957,Romance
1009049,Drama
1007325,Romance
1007325,Comedy
1007325,Drama
1000377,Romance
1000377,Comedy
1002445,Drama
1598699,Drama
1243706,Drama
1243706,Romance
1243706,Comedy
1010186,Thriller
1011182,Drama
1879497,Comedy
1006597,Drama
1006597,Romance
1006597,Comedy
1010158,Drama
1010158,Musical
1010158,Comedy
1006429,Romance
1006429,Drama
1006429,History
1006250,Adventure
1006250,Drama
1398080,Drama
1398080,Musical
1003032,Romance
1003032,Comedy
1000013,Drama
1000013,Musical
1001260,Drama
1849471,Drama
1010593,Biography
1471321,Romance
1471321,Drama
1009243,Comedy
1009243,Drama
1009243,Romance
1009688,Drama
1009688,Romance
1011098,Drama
1009125,Musical
1000388,Comedy
1010784,Drama
1000988,Drama
1000988,Romance
1006402,Action
1006402,Drama
1002167,Drama
1002167,Comedy
1006261,Comedy
1006261,Crime
1006261,Thriller
1004469,Drama
1007670,Romance
1007670,Drama
1007670,Thriller
1011440,Drama
1001835,Thriller
1001835,Drama
1001835,Comedy
1656485,Thriller
1656485,Drama
1614962,Drama
1010140,Drama
1010140,Adventure
1010140,Action
1011567,Romance
1011567,Thriller
1010485,Drama
1011083,Comedy
1011083,Drama
1000325,Drama
1701645,Drama
1701645,Thriller
1002040,Drama
1435511,Drama
1003645,Drama
1003645,Thriller
1003645,Action
1500391,Romance
1500391,Drama
1500391,Comedy
1011187,Romance
1011187,Drama
1133451,Drama
1133451,Romance
1133451,Musical
1133451,Comedy
1773980,Comedy
1773980,Adventure
1011058,Romance
1001323,Romance
1001323,Drama
1009887,Fantasy
1009887,Drama
1009887,Comedy
1009887,Fantasy
1009887,Drama
1009887,Comedy
1001377,Romance
1001377,Drama
1006708,Drama
1000084,Drama
1866172,Comedy
1866172,Drama
1005364,Drama
2000073,Drama
2000073,Romance
1006981,Comedy
1006981,Drama
1008800,Musical
1008800,Comedy
1002292,Action
1002292,Thriller
1002292,Drama
1853527,Drama
1853527,Comedy
1002395,Drama
1002395,Comedy
1506896,Thriller
1000612,Action
1000612,Drama
1002641,Crime
1002641,Drama
1010046,Drama
1010046,Crime
1010046,Fantasy
1010046,Adventure
1421955,Thriller
1421955,Drama
1421955,Crime
1770314,Drama
1770314,History
1770314,Biography
1006108,Drama
1006108,Romance
1827666,Romance
1827666,Drama
1008074,Drama
1008985,Crime
1008985,Action
1002666,Drama
1004488,Comedy
1007964,Drama
1007964,Comedy
1674610,Romance
1674610,Drama
1827364,Comedy
1827364,Romance
1265636,Drama
1443212,Thriller
1443212,Crime
1007507,Musical
1007507,Drama
1007507,Drama
1534335,Drama
1534335,Romance
1290410,Comedy
1011519,Comedy
1011519,Family
1002331,History
1870891,Drama
1001879,Drama
1001879,Romance
1001879,Comedy
1834933,Drama
1508035,Comedy
1003498,Drama
1003732,Drama
1785643,Thriller
1005665,Drama
1000162,Comedy
1000162,Romance
1009559,Thriller
1735672,Drama
1735672,Romance
1011101,Drama
1011101,Fantasy
1011101,Romance
1003308,Thriller
1002152,Drama
1002152,Comedy
1008634,Drama
1004349,Drama
1010138,Drama
1010138,Comedy
1010138,Family
1002703,Thriller
1002703,Mystery
1165846,Crime
1165846,Comedy
1003742,Drama
1507714,Comedy
1507714,Drama
2000231,Romance
1059174,Comedy
1011180,Drama
1310832,Musical
1705136,Drama
1705136,Thriller
1705136,Action
1004055,Comedy
1002784,Biography
1003700,Comedy
1003700,Drama
1003138,Biography
1003138,History
1003138,Drama
1003138,War
1005846,Fantasy
1005846,Romance
1008199,Musical
1008199,Comedy
1010099,Drama
1010099,Romance
1000284,Comedy
1000284,Romance
1027589,Drama
1027589,Romance
1007465,Drama
1001874,Drama
1001874,Romance
1529059,Drama
1138016,Thriller
1138016,Crime
1044596,Drama
1003401,Mystery
1003401,Thriller
1003401,Action
1003401,Crime
1881914,Drama
1000852,Drama
1010188,Drama
2021995,Comedy
2021995,Drama
2021766,Drama
1291275,Romance
1291275,Drama
1291275,Comedy
1003142,Drama
1010484,Drama
1010484,Musical
1011397,Drama
1011397,Thriller
1011397,Crime
1011397,Action
1004634,Drama
1004634,Romance
1454449,Drama
1454449,Crime
1623023,Drama
1000756,Drama
1008725,Drama
1008725,Musical
1923742,Drama
1406310,Crime
1406310,Drama
1010006,Comedy
1010006,Drama
1010006,Romance
1010006,Thriller
2018053,Short
2018053,Drama
1001303,Romance
1001303,Drama
1010251,Comedy
1116738,Drama
1116738,Romance
1005179,Drama
1005179,Romance
1007785,Drama
1008724,Drama
1777685,Comedy
1011518,Drama
1001058,Thriller
1001058,Action
1001058,Drama
1006788,Comedy
1006788,Romance
1010807,Drama
1010807,Family
1553161,Romance
1009984,Drama
1009984,Romance
1004661,Drama
2001545,Drama
1967210,Drama
1004960,Comedy
1004960,Romance
1011556,Drama
1000279,Biography
1000279,Drama
1576628,Drama
1005279,Drama
1005279,Action
1002937,Drama
1412075,Romance
1412075,Drama
1000039,Drama
1000039,Biography
1631041,Drama
1005104,Drama
2021743,Drama
1002250,Drama
1007892,Drama
1649169,Romance
1649169,Comedy
1649169,Musical
1011142,Romance
1011142,Drama
1322625,Comedy
1683483,Musical
1683483,Drama
1011558,Drama
1006772,Drama
1006505,Comedy
1011555,Drama
1736215,Crime
1736215,Drama
1880202,Comedy
1880202,Drama
1007423,History
1007423,Romance
1007423,Drama
1005272,Drama
1005272,Comedy
1005272,Fantasy
1010044,Comedy
1008368,Romance
1008368,Drama
1008368,Biography
1008368,Thriller
1011112,Drama
1011112,Thriller
1007897,Comedy
1007897,Romance
1004923,Romance
1004923,Thriller
1004923,Drama
1001932,Musical
1001932,Romance
1003271,History
1003271,Drama
1003271,War
1009256,Drama
1004836,Drama
1002142,Drama
1006767,Drama
1994453,Comedy
1005610,Drama
1008794,Romance
1008794,Drama
1359496,Drama
1645954,Musical
1645954,Comedy
1283401,Thriller
1396280,Drama
1010482,Drama
1313833,Romance
1313833,Family
1313833,Drama
1313833,Comedy
1007528,Drama
1007528,Crime
1009855,Thriller
1009855,Action
1009855,Drama
1002372,Science Fiction
1002372,Comedy
1002372,Crime
1005492,Drama
1010881,Crime
1010881,Drama
1010881,Comedy
1417868,Drama
1417868,Crime
1417868,Thriller
1003439,Drama
1003439,Romance
1647261,Drama
1005633,Drama
1005633,Thriller
1003166,Drama
1003166,War
1003166,Romance
1004856,Drama
1008407,Drama
1284804,Drama
1284804,Romance
1008315,Drama
1008373,Drama
1009325,Comedy
1009325,Musical
1000585,Drama
1010483,Crime
1010483,Drama
1010139,Comedy
1137020,Drama
1137020,Crime
1010119,Drama
1010119,Comedy
1010353,Drama
1010181,Comedy
1010181,Romance
1011080,Drama
1011080,Comedy
1220499,Drama
1007439,Family
1007439,Drama
1033259,Romance
1011396,Drama
1481225,Drama
1055556,Thriller
1055556,Crime
1001076,Fantasy
1001076,Comedy
1005320,Drama
1005320,Comedy
1622833,Drama
1000985,Drama
1000985,Romance
1788968,Comedy
1940696,Drama
1940696,Musical
1004218,Drama
1007196,Drama
1007278,Drama
1007278,Musical
1683771,Thriller
1683771,Action
1884845,Drama
1011566,Drama
1011566,Thriller
1011566,Comedy
1004311,Thriller
1004311,Action
1002345,Drama
1002345,Crime
1859197,Thriller
1859197,Mystery
1859197,Crime
1859197,Drama
1001277,Drama
1001277,Romance
1009546,Romance
1009546,Drama
1007232,Comedy
1011097,Romance
1011097,Drama
1011675,Drama
1117661,Drama
1010058,Romance
1010058,Comedy
1010058,Drama
1001555,History
1002548,Romance
1002139,Drama
1002139,Action
1002139,Thriller
1010250,Comedy
1010250,Romance
1011326,Comedy
1348382,Drama
1004616,Drama
1004616,Romance
1003878,Crime
1003878,Comedy
1004785,Drama
1124930,Drama
1124930,Thriller
1006406,Drama
1004280,Romance
1004280,Drama
1004280,Musical
1009796,Drama
1005872,Comedy
1001436,Drama
1001436,Musical
1001436,Musical
1847861,Drama
1008950,Drama
1885780,Drama
1885780,Musical
1010170,Romance
1010170,Drama
1005079,Drama
1005079,Thriller
1005314,Drama
1160226,Musical
1160226,Crime
1824182,Drama
1809243,Romance
1809243,Drama
1809243,Thriller
1809243,Crime
1010210,Musical
1010210,Drama
1010210,Romance
1010248,Fantasy
1010248,Thriller
1010248,Comedy
1010354,Musical
1010354,Drama
1002050,Drama
1531948,Comedy
1531948,Drama
1006003,Drama
1011511,Comedy
1007539,Drama
1007539,Romance
1007539,Crime
1010323,Comedy
1010323,Thriller
1010296,Drama
1010296,Comedy
1003946,Science Fiction
1003946,Comedy
1003946,Thriller
1938758,History
1002685,Comedy
1002685,Drama
1010041,Drama
1005458,Drama
1005458,Romance
1667688,Crime
1000374,Drama
1000186,Drama
1005081,Romance
1005081,Drama
1010352,Mystery
1010352,Crime
1010352,Drama
1005541,Drama
1005541,Thriller
1000834,Drama
1010529,Comedy
1010529,Drama
1010873,Comedy
1010884,Comedy
1010884,Adventure
1011522,Drama
1475335,Comedy
1301655,Drama
1236932,Thriller
1236932,Drama
1011090,Drama
1433000,Drama
1178019,Romance
1178019,Drama
1178019,Musical
1905110,History
1905110,Drama
1905110,Biography
1905110,War
1299429,Romance
1299429,Drama
1007621,Drama
1007621,Musical
1000486,Romance
1000486,Musical
1004064,Drama
1004064,Thriller
1008962,Romance
1008962,Thriller
1010157,Drama
1010157,Crime
1010887,Comedy
1010887,Musical
1718496,Romance
1718496,Drama
1010303,Comedy
1701408,Drama
1701408,Crime
1701408,Thriller
1005874,Romance
1005874,Drama
1487238,Romance
1487238,Drama
1006217,Science Fiction
1006217,Comedy
1008112,Musical
1008112,Drama
1008112,Comedy
2019167,Thriller
2019167,War
1973288,Drama
1070184,Romance
1007105,Drama
1004673,Drama
1009261,Drama
1007029,Drama
1007029,Romance
1010159,History
1010159,Biography
1008300,Romance
1008300,Musical
1001701,Drama
1011099,Thriller
1011099,Drama
1011099,Musical
2010494,History
1001843,Thriller
1003908,Drama
1538151,Thriller
1010043,Drama
1010876,Drama
1010876,Comedy
1010118,Romance
1010118,Comedy
1010249,Drama
1010249,Comedy
1000735,Drama
1638724,Drama
1010336,Drama
1010336,War
1010336,History
1600279,Drama
1008573,Romance
1008573,Drama
1599874,Action
1599874,Drama
1010867,Drama
1009062,Drama
1570921,Drama
1570921,War
1005781,Mystery
1005781,Drama
1009389,Romance
1009389,Drama
1003330,Romance
1003330,Drama
1009648,Drama
1006173,Drama
1000624,Drama
1005834,Drama
1006401,Drama
1009815,Romance
1009815,History
1009815,Drama
1866795,Drama
1746298,Musical
1746298,Drama
1746298,Romance
1628293,Drama
1748307,Drama
1003191,Comedy
1007505,Comedy
1007505,Romance
1007505,Musical
1007505,Musical
1003305,Drama
1003305,Romance
1669952,Comedy
1006371,Drama
1796447,Romance
1796447,Drama
1009028,Drama
1005591,Drama
1005591,Comedy
1002153,Drama
1001229,Romance
1001229,Comedy
1001229,Musical
1421298,Thriller
1421298,Drama
1967630,Documentary
1000781,Musical
1000781,Romance
1002130,Drama
1010888,Drama
1010888,Comedy
1779468,Drama
1878427,Comedy
1878427,Musical
1878427,Drama
1462995,Drama
1462995,Crime
2011632,Thriller
1004111,Drama
1004111,Thriller
1000970,Action
1000970,Drama
1000970,Romance
1000970,Thriller
1010802,Adventure
1010802,Drama
1010802,Musical
1006466,Drama
1006466,Crime
1010180,Romance
1010180,Drama
1007240,Romance
1007240,Musical
1044796,Drama
1044796,Crime
1181773,Romance
1181773,Drama
1005176,Drama
1005176,Thriller
1001995,Thriller
1001995,Drama
1006817,Drama
1001256,Romance
1010189,Drama
1520104,Drama
1520104,Crime
1000453,Drama
1000453,Thriller
1961105,Drama
1002428,Romance
1002428,Drama
1001798,Drama
1002905,Thriller
1002905,Drama
1303780,Musical
1303780,Romance
1010289,Comedy
1010289,Horror
1011525,Drama
1011525,Musical
1002252,Thriller
1002252,Drama
2012335,Drama
1005118,Drama
1005118,Musical
1006262,Thriller
1006262,Action
1006262,Drama
1691366,Romance
1691366,Drama
1010883,Comedy
1010893,Thriller
1010893,Comedy
1761897,Romance
1761897,Drama
1011516,Drama
1009968,Drama
1104468,Drama
1104468,Musical
1008241,Drama
1008241,Romance
1010143,Comedy
1010143,Romance
1010143,Drama
1646833,War
1646833,Thriller
1827817,Drama
1827817,Musical
1006318,Drama
1006318,Musical
1009565,Romance
1006574,Drama
1006574,Musical
1007171,Comedy
1007171,Romance
1007171,Drama
1954415,Romance
1954415,Drama
1297153,Drama
1391489,Comedy
1391489,Drama
1406248,Romance
1406248,Drama
1003516,Comedy
1852257,Drama
1852257,Fantasy
1882532,Drama
1882532,Musical
1001461,Drama
1001769,Drama
1002182,Comedy
1002182,Drama
1002182,Comedy
1002182,Drama
1458157,Thriller
1458157,Drama
1005448,Drama
1005448,Romance
1005448,Musical
1003026,Comedy
1003026,Sport
1447611,Comedy
1447611,Musical
1974185,Drama
1974185,Musical
1161881,Musical
1161881,Drama
1010808,Drama
1010808,Musical
1010808,Adventure
1751409,Musical
1001213,Family
1001213,Drama
1008577,Drama
1000401,Comedy
1011344,Drama
1011523,Drama
1011523,Thriller
1011523,Romance
1009324,Drama
1008045,Drama
1181395,Drama
1010316,Drama
1010317,Comedy
1005564,Musical
1005564,Drama
1875715,Comedy
1875715,Romance
1002036,Drama
1002036,Musical
1005724,Drama
1005724,Musical
1543743,Drama
1008972,Romance
1008892,Drama
1008892,Musical
1002549,Musical
1002549,Drama
1004567,Musical
1004567,Comedy
1004567,Fantasy
1004567,Crime
1007238,Drama
1232913,Comedy
1009973,Romance
1009973,Drama
1004355,Drama
1004355,Musical
1011219,Drama
1011219,Comedy
1422871,Drama
1422871,Crime
1007885,Drama
1011143,Drama
1982407,Comedy
1982407,Drama
2001544,Drama
2001544,Romance
1010169,Drama
1009294,Action
1009294,Thriller
1009294,Drama
1006641,Drama
1280904,Comedy
1280904,Musical
1011569,Thriller
1011569,Drama
1003657,Drama
1528575,Drama
1528575,Thriller
1528575,Mystery
1486025,Action
1486025,Drama
1002218,Drama
1002218,Comedy
1009827,Drama
1442848,Drama
1347915,Drama
1862907,Comedy
1862907,Family
1862907,Musical
1002095,Drama
1002095,Musical
1655186,Drama
1655186,Musical
1655186,Comedy
1008339,Comedy
1718550,Musical
1718550,Comedy
1006724,Drama
1010878,Comedy
1652476,Comedy
1283931,Crime
1283931,Comedy
1283931,Thriller
1738108,Romance
1738108,Drama
1000846,Action
1000846,Drama
1000846,Thriller
1001665,Drama
1526688,Drama
1395555,Drama
1849211,Musical
1849211,Comedy
1849211,Romance
1849211,Musical
1849211,Comedy
1849211,Romance
1616789,Comedy
1616789,Drama
1616789,Crime
1218354,History
1218354,Biography
1260760,Comedy
1393488,Musical
1393488,Drama
1609739,Drama
1609739,Romance
1001317,Musical
1052161,Drama
1276941,Drama
1220801,Drama
1220801,Musical
1006259,Musical
1006259,Comedy
1008308,Drama
1001836,Musical
1001836,Drama
1000831,Drama
1006488,Thriller
1006488,Drama
1475554,Romance
1475554,Drama
1475554,Musical
1001961,Drama
1926893,Crime
1926893,Action
1926893,Drama
1926893,Thriller
1010315,Comedy
1010315,Fantasy
1010315,Horror
1644708,Drama
1644708,Romance
1010330,Comedy
1776552,Drama
1006380,Romance
1006380,Drama
1251595,Romance
1251595,Drama
1223228,Comedy
1223228,Musical
1063732,Drama
1063732,History
1311085,Drama
1305201,Drama
1305201,Musical
1002742,Crime
1002742,Drama
1711797,Drama
1249099,Drama
1004369,Drama
1004369,Thriller
1010097,Comedy
1010097,Drama
1495474,Thriller
1495474,Drama
1007815,Musical
1007815,Drama
1007815,Romance
1004899,Comedy
1004899,Crime
1008226,Drama
1001022,Drama
1003145,Comedy
1003145,Thriller
1628252,Drama
1010160,Musical
1010160,Drama
1010160,Comedy
1986209,Drama
1986209,Musical
1493369,Comedy
1493369,Drama
1493369,Family
1493369,Musical
1010074,Drama
1010074,Musical
1009631,Drama
1933924,Drama
1933924,Musical
1010190,History
2065154,Comedy
1663686,Drama
1985135,Comedy
1985135,Drama
1985135,Crime
1019508,Family
1019508,Drama
1742438,Drama
1426220,Drama
1703405,Drama
1009993,Drama
1009993,Romance
1009993,Musical
1011517,Drama
1011517,Musical
1016215,Drama
1016215,Comedy
1006654,Drama
1252008,Drama
1252008,Musical
1007828,Drama
1007828,Musical
1002697,Drama
2001119,Drama
1005325,Drama
1008926,History
1008926,Biography
1930654,Drama
1930654,Musical
1930654,Romance
1007643,Romance
1007643,Drama
1306281,Romance
1306281,Drama
1590059,Drama
1846654,Comedy
1006149,Drama
1747684,Romance
1747684,Drama
1214584,Musical
1611241,Thriller
1611241,Drama
1783034,Drama
1783034,Romance
1005897,Drama
1232638,Drama
1773473,Drama
1877232,Science Fiction
1877232,Romance
1010297,Comedy
1466049,Drama
1466049,Crime
1008919,Drama
1008919,Thriller
1008919,Crime
1005627,Drama
1005627,Romance
1005627,Musical
1006872,Comedy
1006872,Musical
1109076,Comedy
1109076,Thriller
1001654,Comedy
1001654,Thriller
1260660,Drama
1046385,Thriller
1046385,Drama
1720850,Comedy
1161268,Drama
1004137,War
1004137,Romance
1004137,Drama
1705950,History
2034126,Drama
2034126,Comedy
2034126,Musical
1004505,Drama
1009342,Crime
1009342,Thriller
1002826,Musical
1002826,Comedy
1002782,Drama
1002782,Comedy
1001171,Drama
1001171,Comedy
1001171,Musical
1005875,Drama
1005875,Family
1005875,Comedy
1005875,Musical
1002412,Drama
1002343,Romance
1002343,Drama
1008685,Comedy
1004158,Romance
1004158,Drama
1004307,Drama
1004307,Thriller
1004307,Romance
1007189,Drama
1007189,Musical
1007189,Comedy
1007189,Musical
1008389,Drama
1008389,Musical
1002625,History
1001050,Drama
1009142,Drama
1009142,Musical
1003905,Comedy
1003905,Drama
1004414,Drama
1004414,Musical
1005572,Drama
1008072,Musical
1002205,Comedy
1002205,Musical
1001147,Drama
1002887,Musical
1002887,Comedy
1002887,Drama
1006148,Comedy
1007933,Drama
1007933,Thriller
1008468,Comedy
1008468,Drama
1008468,Musical
1009254,Comedy
1009254,Fantasy
1009507,Action
1009507,Drama
1001325,Horror
1001325,Thriller
1004401,Comedy
1004401,Fantasy
1004401,Thriller
1004401,Horror
1004236,Drama
1002761,Drama
1005063,Drama
1000688,Drama
1000688,Comedy
1001768,Drama
1006043,Drama
1009039,Musical
1009039,Comedy
1589426,Drama
1005865,Drama
1004418,Romance
1004418,Musical
1007955,Drama
1007955,Musical
1003302,Romance
1003302,Drama
1007179,Drama
1002379,Comedy
1007535,Family
1007535,Musical
1004165,Drama
1004165,Comedy
1009696,Comedy
1009696,Drama
1009696,Musical
1008579,Comedy
1008579,Drama
1008579,Musical
1003165,Crime
1003165,Action
1003165,Romance
1004777,Drama
1000280,Musical
1000280,Drama
1001570,Drama
1001570,Musical
1001570,Comedy
1008998,Drama
1008998,Musical
1505845,Comedy
1505845,Musical
1009273,Comedy
1009273,Drama
1009273,Fantasy
1001223,Drama
1001223,Musical
1000169,Romance
1000169,Drama
1002012,Drama
1002012,Romance
1004954,Comedy
1004954,Musical
1004954,Musical
1002164,Drama
1004891,Drama
1003298,Drama
1003298,Comedy
1003298,Comedy
1004478,Musical
1000645,Comedy
1000645,Drama
1005930,Musical
1005930,Comedy
1006960,Romance
1006960,Comedy
1003446,Drama
1002498,Crime
1002498,Musical
1002498,Drama
1002897,Musical
1002897,Drama
1002897,Comedy
1001084,Musical
1001084,Romance
1001084,Comedy
1006862,Comedy
1001224,Drama
1001224,Comedy
1001224,Musical
1002239,Drama
1006140,Musical
1006140,Comedy
1007047,Drama
1002063,Drama
1002063,Romance
2049024,Drama
1001284,Comedy
1001284,Thriller
1001284,Fantasy
1682591,Romance
1682591,Drama
1008474,Drama
1008474,Musical
1006541,Comedy
1006541,Fantasy
1006541,Musical
1003046,Drama
1003046,Comedy
1001731,Comedy
1001731,Comedy
1001731,Musical
1001731,Musical
1001731,Comedy
1001731,Musical
1003847,Musical
1003847,Comedy
1000523,Musical
1000523,Drama
1616616,Drama
1008597,Drama
1006836,Drama
1009433,Drama
1011604,Comedy
1008205,Drama
1008205,Musical
1008205,Drama
1008205,Musical
1008205,Musical
1008205,Drama
1008205,Musical
1008205,Drama
1001021,Drama
1009787,Drama
1009787,Romance
1009787,Comedy
1005005,Drama
1569505,Drama
1569505,Romance
1010342,Drama
1057803,Drama
1581194,Comedy
1581194,Drama
1002484,Comedy
1002484,Romance
1002484,Drama
1170895,Comedy
1170895,Musical
1004377,Drama
1004377,Comedy
1004377,Musical
1221977,Comedy
1221977,Drama
1002851,Comedy
1610964,Crime
1610964,Drama
1218570,Drama
1862097,Comedy
1862097,Romance
1862097,Musical
1578052,Drama
1578052,Romance
1000836,Drama
2003924,Romance
2003924,Drama
1009069,Comedy
1009069,Drama
1009069,Musical
1011691,Drama
1011691,Musical
1003574,Drama
1002450,Musical
1010331,Drama
2001548,Crime
2001548,Thriller
2001548,Musical
2001548,Drama
2033255,Drama
2033255,Musical
2001548,Crime
2001548,Thriller
2001548,Musical
2001548,Drama
1000878,Drama
1310239,Drama
1006962,Comedy
1003462,Drama
1003462,Musical
1003462,Drama
1664547,Drama
1664547,Romance
1664547,Musical
1007019,War
1007019,Drama
1622086,Comedy
1622086,Drama
1105895,Drama
1105895,Musical
1003425,Romance
1003425,Drama
1003425,Comedy
1002765,Drama
1003228,Drama
1003228,Thriller
1003228,Musical
2020578,Drama
1007194,Drama
1007194,Musical
1145295,Family
1824772,Drama
1824772,Crime
1001660,Musical
1001660,Drama
1001660,Musical
1008672,Drama
1833934,Fantasy
1833934,Drama
1006179,Comedy
1581903,Drama
1002272,Drama
1002272,Romance
1010327,Romance
1010327,Drama
1010327,Comedy
1671661,Drama
1005029,Comedy
1647399,Drama
1008667,Drama
1001307,Drama
1000360,Musical
1672936,Drama
1672936,Family
1011732,Drama
2010730,Drama
1008592,Drama
1466015,Drama
1816002,Romance
1816002,Musical
1753311,Drama
1007515,Musical
1007515,Drama
1003999,Drama
1002720,Musical
1002720,Drama
1010345,Drama
1010345,Thriller
1011672,Musical
1011672,Romance
1011672,Drama
1005720,Romance
1005987,Thriller
1005987,Action
1005987,Romance
1005987,Biography
1005987,Drama
1488233,Drama
1564158,Romance
1564158,Comedy
1564158,Musical
1564158,Drama
1010879,Fantasy
1010879,Drama
1010879,Comedy
1010879,Thriller
1003256,Comedy
1003256,Musical
1530665,Romance
1530665,Drama
1001936,Musical
1001936,Comedy
1972580,Comedy
1972580,Musical
1972580,Drama
1025367,Musical
1025367,Romance
1025367,Drama
1002986,Family
1002986,Thriller
1002986,Drama
1899984,Drama
1899984,Romance
1000819,Romance
1104235,Drama
1000510,Drama
1000510,Musical
2006996,Drama
1966364,Drama
2011282,Romance
2011282,Drama
1000483,Romance
1000483,Drama
1002639,Drama
1002639,History
1008827,Drama
1002540,Musical
1002540,Drama
1009611,Drama
1009611,Musical
1009363,Musical
1009363,Drama
1717748,Drama
1717748,Musical
1005636,Drama
1005636,Romance
1017840,Crime
1017840,Drama
1001156,Drama
1001156,Musical
1006178,Comedy
1001992,Drama
1008088,Drama
1857136,Romance
1391874,Drama
1323545,Adventure
1334432,Drama
1002535,Drama
1947400,Drama
1003034,Drama
1000527,Drama
1466693,Drama
1466693,Crime
1116969,Drama
1004535,Drama
1004535,Romance
1038614,Comedy
1388326,Drama
1006176,Comedy
1006176,Drama
1011095,Comedy
1011095,Romance
1011095,Drama
1006607,Drama
1374721,Drama
1707047,Drama
1006607,Drama
1005509,Drama
1374721,Drama
1007898,Comedy
1007898,Thriller
1395178,Drama
1395178,Adventure
1395178,Fantasy
1010328,Comedy
1001922,Drama
1001922,Musical
1011624,Drama
1011624,Musical
1007406,Comedy
2009049,Drama
1007720,Musical
1007720,Drama
1001133,Romance
1001133,Drama
1005372,Drama
1005372,Drama
1763144,Drama
1763144,Comedy
1002400,Drama
1006804,Romance
1006804,Musical
1502168,Romance
1502168,History
1502168,Musical
1004552,Musical
1004552,Drama
1006604,Drama
1006604,Romance
1040643,Romance
1040643,Drama
1619237,Comedy
1619237,Drama
2056574,Drama
2056574,Biography
1006044,Drama
1006044,Comedy
1011580,Drama
1001407,Drama
1011579,Comedy
1001146,Musical
1796516,Thriller
1796516,Comedy
1004598,Musical
1004598,Drama
1010326,Comedy
1730909,Drama
1004037,Drama
1006806,Drama
1006806,Romance
1548845,Romance
1548845,Drama
1548845,Romance
1548845,Drama
1001111,Drama
1001111,Comedy
1005927,Romance
1005927,Drama
1010325,Comedy
1047156,Thriller
1047156,Drama
1047156,Crime
1764101,Thriller
1764101,Drama
1004594,Drama
1004594,Comedy
1003505,Romance
1003505,Drama
1010946,Musical
1010946,Drama
1005362,Comedy
1612149,Comedy
1612149,Drama
1285177,Drama
1285177,Romance
1856172,Comedy
1856172,Drama
1009602,Comedy
1009602,Drama
1747681,Comedy
1747681,Drama
2027708,Comedy
1943874,Drama
1183203,Drama
1183203,Musical
1218457,Drama
1001510,Drama
2027707,Comedy
1011515,Thriller
1011515,Drama
1004429,Musical
1004429,Romance
1000398,Comedy
1000398,Drama
1007749,Romance
1007749,Drama
1874642,Drama
1001486,Drama
2007026,Comedy
2007026,Drama
1001735,Thriller
1001735,Drama
1141307,Drama
1001491,Romance
1001491,Drama
2004572,Romance
2004572,Drama
1009214,Drama
1009214,Romance
1004571,Drama
1289017,Drama
1879196,Drama
1879196,Short
1879196,Comedy
1868119,Documentary
2052448,Drama
2052448,Comedy
2052190,Drama
2052190,Comedy
2046136,Drama
2044657,Drama
1002585,Romance
2021746,Drama
2039559,Drama
2016734,Drama
1001042,Crime
1001042,Thriller
1001042,Drama
2003965,Drama
2002229,Drama
1003174,Drama
2008380,Documentary
1668481,Drama
2025679,Drama
2025679,Musical
2024947,Drama
1369954,Drama
2021754,Drama
2010411,Drama
1838550,Comedy
2010411,Drama
